order,text_a,label,Target
0,春节放鞭炮是传统习俗，但环境污染问题却不容忽视。建议春节不放鞭炮，既保护环境，又节约资源。,0.0,春节放鞭炮
1,春节放鞭炮是为了满足个人娱乐需求，却对环境造成了严重破坏。我们应该倡导减少鞭炮的使用，减少空气污染，保护环境。春节是中国传统节日，也是我们与家人团聚的节日，应该倡导文明健康的生活方式。,0.0,春节放鞭炮
2,春节不放鞭炮，环保是福，但过年不放鞭炮，破坏环境。,0.0,春节放鞭炮
3,春节放鞭炮的减少，原因包括空气污染、百姓嫌贵、花钱听响不实惠、过年传统被颠覆等。,0.0,春节放鞭炮
4,反对春节放鞭炮，我们应该提倡绿色环保，减少浪费。,0.0,春节放鞭炮
5,不放鞭炮不发财。,0.0,春节放鞭炮
6,我们不能放鞭炮，放烟花、烟花爆竹不仅污染空气，还给环卫工人带来劳动量，应该减少鞭炮的燃放。,0.0,春节放鞭炮
7,大连市文明办、环保局联合发出倡议书”不放、少放烟花爆竹，绿色过春节”，我举双手赞同。家里近几年一直都没有放鞭炮。其实，年味儿不只是鞭炮味儿，美好的中国年有丰富的年俗，少了鞭炮，还有写春联、挂年画、贴窗花、蒸年糕、包饺子、守岁、拜年......大家只要齐心去做，过绿色环保年，一样热闹有趣。,0.0,春节放鞭炮
8,"""今天小年，绿城社工今天上午走上街头倡导民不放鞭炮,过绿色春节。放鞭炮也是造成PM2.5污染原因之一，希望大家少放就少放，环保的同时也减少浪费。""",0.0,春节放鞭炮
9,"今天小年，绿城社工呼吁市民不放鞭炮，过绿色春节。放鞭炮是PM2.5污染的原因之一，希望大家少放就少放，减少浪费。
好的传统可以延续，不好的传统应该结束，比如鞭炮，全国禁止燃放吧。有人非要拿春节必须放鞭炮一说，过去还非要一男配多女，偷情就处死，基被发现基本烧死，你们也延续这样的传统好了。",0.0,春节放鞭炮
10,将军牛排7家门店不放鞭炮烟花，春节不放鞭炮，怕楼房震塌，环保低碳，大家支持吧。,0.0,春节放鞭炮
11,除夕初一，广州北部出现重度污染，不放鞭炮缓解污染。,0.0,春节放鞭炮
12,反对: 春节放鞭炮有年味儿，但污染严重，空气污染，建议春节少放鞭炮。,0.0,春节放鞭炮
13,春节快乐!,0.0,春节放鞭炮
14,@王明：不要放鞭炮!,0.0,春节放鞭炮
15,春节放鞭炮是一项有害的行为，不应该提倡。,0.0,春节放鞭炮
16,反对：鞭炮放多了，空气污染严重，对身体有害。,0.0,春节放鞭炮
17,春节不放鞭炮，过年不喜庆!,0.0,春节放鞭炮
18,春节不放鞭炮，环保更安全!,0.0,春节放鞭炮
19,反对春节放鞭炮。,0.0,春节放鞭炮
20,反对春节放鞭炮，反对雾霾，呼吁大家从自己做起，让春节更加健康和温馨。,0.0,春节放鞭炮
21,大家早上好，今天早上上班的路上听到各地关于春节放鞭炮的规定，雾霾这么厉害怎么还放鞭炮啊，这样恶劣的环境真是不能出门了，别说为子孙后代着想了，现如今环境就够差的了，暖冬导致的雨雪都不下，天天有雾霾，周围到处是感冒发烧的人，一冬天几乎每一人或自己的家人都感冒发烧了，可悲啊!,0.0,春节放鞭炮
22,@LXW: @CyyyY: @LXWY: @YXYY: @CYYYY: @YXYYY: @YXYYYY: @YXYYYYY: @YXYYYYY: 我的春节要蓝天!,0.0,春节放鞭炮
23,@抱猴子的兔子: 春节放鞭炮，环保，安静，祥和!,0.0,春节放鞭炮
24,反对春节不放鞭炮，呼吁少放烟花爆竹。,0.0,春节放鞭炮
25,反对放鞭炮。,0.0,春节放鞭炮
26,春节放鞭炮，空气污染严重，我们应该保护环境，减少污染。,0.0,春节放鞭炮
27,在春节期间，放鞭炮是许多城市居民的普遍习惯，但是它们也带来了环境污染和社会秩序的恶化。我们应该摒弃鞭炮，减少对环境的污染，让春节更加健康和环保。,0.0,春节放鞭炮
28,过年不放鞭炮，会危害公众身体健康。,0.0,春节放鞭炮
29,"""我们回族不吃饺子，不放鞭炮，不守夜，没有这些讲究。""",0.0,春节放鞭炮
30,春节不放鞭炮，环保我们自己做。,0.0,春节放鞭炮
31,春节不放鞭炮，环保意识在下一代已养成，可是外面灰蒙蒙一片，鞭炮声还没停，这种风俗真的值得传承吗？,0.0,春节放鞭炮
32,春节放鞭炮是无可厚非，但是有宝宝是被吵醒哭的稀里哗啦的，难道真的是大人太不尊重小孩？,0.0,春节放鞭炮
33,反对放鞭炮。,0.0,春节放鞭炮
34,春节放鞭炮是不负责任的，不利于城市和家庭的健康发展，应该坚决抵制。,0.0,春节放鞭炮
35,春节不放鞭炮，环保尽一份力。,0.0,春节放鞭炮
36,父母决定不放鞭炮，希望我们过一个祥和、安全、愉快、健康的绿色环保新年。,0.0,春节放鞭炮
37,"反对态度言论：
【绿色我先行】为了我们的城市安全，为了保护我们生存的室内外环境，为了保护我们的老人和孩子健康，为了保护低碳环保生活，我们提倡今年春节不放鞭炮，平平安安欢欢乐乐过春节。
【绿色我先行】为了我们的城市安全，保护我们生存的室内外环境，保护我们的老人和孩子健康，保护低碳环保生活，我们提倡今年春节不放鞭烟花炮，平平安安欢欢乐乐过春节。",0.0,春节放鞭炮
38,"今年春节不放鞭炮,过个绿色环保春节,闷等大发财!",0.0,春节放鞭炮
39,春节放鞭炮，有雾霾，有污染，不环保，过年不环保。,0.0,春节放鞭炮
40,"@李开复: @蛮子: @李开复: @蛮子@李开复 @李开复 @李开复: @蛮子 @李开复 @李开复 @蛮子 @李开复 

@蛮子 @李开复: @李开复: @蛮儿 @蛮子 @李开复 \
@蛮子 @李开复:
@蛮子 @李开复: Never shake my head.
@蛮子 @李开复: Just wanna shake my head.

@蛮子 @李开复 @蛮子 \
@蛮子 @李开覆: @李开复: @蛮女 @李开复 @李开复 \
@蛮女 @李开复: @蛮子\
@蛮子 @李开复 \ @蛮女 @李开复 \
@蛮男 @李开复 @李开复 

@蛮男 @李开复: Never shake me head.
@蛮男 @李开复: Just wanna say goodbye.
@蛮男 @李开覆: Never shake me head \
@蛮男 @李开覆: @李开复 @李开复 ""\
@蛮男 @李开复: @蛮女\
@蛮男 @李开复\
@蛮男 @李开复, @蛮子\
@蛮女 @李开复, @蛮男\
@蛮男 @李开复.
@蛮男 @李开复 ""\
@搂男 @李开复 ""\
@李开复 @李开复 "" @蛮男 @李开复 "" @蛮女 @李开复 "" @蛮子 @李开复 "" @蛮女的 \
@蛮男 @李开元 "" @蛮男 @李开元 ""
@蛮男 @李开复 
@蛮男 @李开复 \
@蛮男的 \
@蛮男 @李开男 \
@蛮男 @李开女 \
@蛮男 @李开新 "" @蛮男 @李开新 ""\
@蛮男 @李快 "" @蛮男 @李开男 "" @蛮男 @李开女 "" @蛮男 @李开 男 "" @蛮男 @李开 新 "" @蛮男 @李开 "" @蛮男 @李开妇 "" @蛮男 @李开康 "" @蛮男 @李开老 "" @蛮男 @李开童 "" @蛮男 @李开婴 "" @蛮男 @李开洋 "" @蛮男 @李开白 "" @蛮男 @李开龙 "" @蛮男 @李开民 "" @蛮男 @李开敏 "" @蛮男 @李开明 "" @蛮男 @李开宇 "" @蛮男 @李开信 "" @蛮男 @李开智 "" @蛮男 @李开武 "" @蛮男 @李开文 "" @蛮男 @李开哲 "" @蛮男 @李开刚 "" @蛮男 @李开山 "" @蛮男 @李开伟 "" @蛮男 @李开良 "" @蛮男 @李开德 "" @蛮男 @李开义 "" @蛮男 @李开邦 "" @蛮男 @李开鲁 "" @蛮男 @李开祥 "" @蛮男 @李开勇 "" @蛮男 @李开烈 "" @蛮男 @李开仁 "" @蛮男 @李开惠 "" @蛮男 @李开建 "" @蛮男 @李开廉 "" @蛮男 @李开军 "" @蛮男 @李开宪 "" @蛮男 @李开富 "" @蛮男 @李开雄 "" @蛮男 @李开俊 "" @蛮男 @李开杰 "" @蛮男 @李开健 "" @蛮男 @李开普 "" @蛮男 @李开奇 "" @蛮男 @李开华 "" @蛮男 @李开平 "" @蛮男 @李开奎 "" @蛮男 @李开林 "" @蛮男 @李开云 "" @蛮男 @李开勋 "" @蛮男 @李开森 "" @蛮男 @李开瑞 "" @蛮男 @李开荣 "" @蛮男 @李开英 "" @蛮男 @李开海 "" @蛮男 @李开成 "" @蛮男 @李开朋 "" @蛮男 @李开友 "" @蛮男 @李开彬 "" @蛮男 @李开胜 "" @蛮男 @李开基 "" @蛮男 @李开坤 "" @蛮男 @李开峰 "" @蛮男 @李开汉 "" @蛮男 @李开田 "" @蛮男 @李开泰 "" @蛮男 @李开贵 "" @蛮男 @李开兴 "" @蛮男 @李开安 "" @蛮男 @李开昌 "" @蛮男 @李开国 "" @蛮男 @李开江 "" @蛮男 @李开福 "" @蛮男 @李开祖 "" @蛮男 @李开熙 "" @蛮男 @李开凤 "" @蛮男 @李开忠 "" @蛮男 @李开正 "" @蛮男 @李开茂 "" @蛮男 @李开贤 "" @蛮男 @李开诚 "" @蛮男 @李开孝 "" @蛮男 @李开吉 "" @蛮男 @李开谦 "" @蛮男 @李开宁 "" @蛮男 @李开丰 "" @蛮男 @李开慧 "" @蛮男 @李开真 "" @蛮男 @李开利 "" @蛮男 @李开志 "" @蛮男 @李开浩 "" @蛮男 @李开毅 "" @蛮男 @李开豪 "" @蛮男 @李开芳 "" @蛮男 @李开春 "" @蛮男 @李开庆 "" @蛮男 @李开耀 "" @蛮男 @李开弘 "" @蛮男 @李开博 "" @蛮男 @李开秀 "" @蛮男 @李开琼 "" @蛮男 @李开星 "" @蛮男 @李开亮 "" @蛮男 @李开羽 "" @蛮男 @李开振 "" @蛮男 @李开联 "" @蛮男 @李开颖 "" @蛮男 @李开洪 "" @蛮男 @李开贞 "" @蛮男 @李开裕 "" @蛮男 @李开迪 "" @蛮男 @李开翔 "" @蛮男 @李开纪 "" @蛮男 @李开泽 "" @蛮男 @李开宝 "" @蛮男 @李开圣 "" @",0.0,春节放鞭炮
41,@桂林懒猫青年旅舍客栈 @阳朔懒猫青年旅舍 |环城西二路,0.0,春节放鞭炮
42,春节放鞭炮是浪费资源、污染环境的陋习，建议大家减少鞭炮使用，多用环保清洁的垃圾袋，让环保意识深入人心。,0.0,春节放鞭炮
43,春节不放鞭炮一样有年味儿!为了头顶的蓝天和家人的呼吸道健康，让霾早日远去从自己做起!有买炮的钱多孝敬老人吧!支持的微博朋友转发。,0.0,春节放鞭炮
44,春节放鞭炮会加剧雾霾强度，武汉晚报倡议不放鞭炮，既图吉利又减少污染，节约开支。,0.0,春节放鞭炮
45,春节放鞭炮是传统习俗，但会引起空气污染，且不环保。,0.0,春节放鞭炮
46,烟花易冷还引起雾霾，元宵节和情人节，请拒绝放鞭炮和烟花!,0.0,春节放鞭炮
47,春节放鞭炮不仅破坏环境，还可能带来疾病。我们应该采取措施，减少鞭炮的使用，减少空气污染，保护环境。,0.0,春节放鞭炮
48,"""放鞭炮习俗应改革，我们应该摒弃这种陋习，让其回归本真，让地球不再污染。""",0.0,春节放鞭炮
49,春节放鞭炮，环保又节约，安全又不扰民，环保又节约，安全又不扰民。春节禁放鞭炮，你支持吗？,0.0,春节放鞭炮
50,反对态度言论：春节不放炮，拒绝空气污染从我做起，呼吁少放或不放鞭炮，让文明、低碳、绿色、环保的生活方式深入人心，少放不放烟花爆竹。,0.0,春节放鞭炮
51,反对意见：春节不放鞭炮，不如过绿色环保年。,0.0,春节放鞭炮
52,"@小饼叔叔何嘉: @平安宜昌 联合当地环卫、学校、医院、消防、环保等部门,拍摄了一组呼吁大家春节不放鞭炮的照片,通过此次宣传,树立全民自觉自愿“禁放”意识,真正体会到禁放人人有责,平安人人受益!祝愿所有人平平安安过春节!",0.0,春节放鞭炮
53,春节放鞭炮是春节传统习俗之一，但是吸烟的危害不容忽视。无烟春节，从我做起，让我们一起拒绝鞭炮，选择绿色出行，减少空气污染。,0.0,春节放鞭炮
54,不放鞭炮，春节快乐!,0.0,春节放鞭炮
55,提倡低碳环保。,0.0,春节放鞭炮
56,春节不放鞭炮，环保过年!,0.0,春节放鞭炮
57,春节不放或少放鞭炮，我坚决反对!,0.0,春节放鞭炮
58,春节放鞭炮不仅污染环境，还会影响空气质量。,0.0,春节放鞭炮
59,反对过年放鞭炮。,0.0,春节放鞭炮
60,"""我承诺春节不放鞭炮""。",0.0,春节放鞭炮
61,春节不放鞭炮，赶走雾霾天!,0.0,春节放鞭炮
62,春节放鞭炮是无可厚非的，可是当小宝宝对鞭炮声胆小敏感时，就有些惨了。放鞭炮是为了满足宝宝的好奇心，可是对于家有小宝宝的妈妈来说，放鞭炮声的噪音对孩子的健康也有一定的危害。所以，春节不放鞭炮，才是最好的选择。,0.0,春节放鞭炮
63,春节放鞭炮，对环境和人都有害，我们应该好好爱护环境。,0.0,春节放鞭炮
64,春节放鞭炮的负面影响越来越严重，无烟春节也不再是春节的传统习俗。,0.0,春节放鞭炮
65,反对放鞭炮，反对环保。,0.0,春节放鞭炮
66,春节不放鞭炮，不放鞭炮，不放鞭炮!,0.0,春节放鞭炮
67,春节不放鞭炮，少了年味，环保又浪费资源，不安全又不扰民，不利于社会和谐。,0.0,春节放鞭炮
68,84省道,0.0,春节放鞭炮
69,我们应该放弃烟花，放鞭炮，让环保成为我们日常生活中的一部分。,0.0,春节放鞭炮
70,春节放鞭炮，不仅噪音大，空气污染严重，我们应该减少放炮，过一个绿色欢乐的春节。,0.0,春节放鞭炮
71,春节放鞭炮是一种传统的习俗，但必须改变。,0.0,春节放鞭炮
72,将军牛排7家门店今年过年不放鞭炮烟花。,0.0,春节放鞭炮
73,不放鞭炮是错误的，不应该在春节期间放鞭炮。,0.0,春节放鞭炮
74,春节放鞭炮应该注意安全，不要乱扔乱放，避免发生危险。,0.0,春节放鞭炮
75,@张绿色：“陈光盘”这个名字很不雅观。,0.0,春节放鞭炮
76,春节不放或少放鞭炮。,0.0,春节放鞭炮
77,@平安成都 @成都环保 : 春节放鞭炮是不安全的行为，应该减少鞭炮的燃放量。,0.0,春节放鞭炮
78,春节不放鞭炮是好事，但是放烟花会增加空气污染，而且放鞭炮还容易污染空气，所以不放鞭炮是最佳选择。,0.0,春节放鞭炮
79,春节放鞭炮是无可厚非的，可是家有小宝宝，对巨响鞭炮声敏感，却很烦恼。希望今年春节不放或少放鞭炮，让欢声笑语代替鞭炮声，减少污染，蓝天白云，远离雾霾，共创清新、优美生活环境!,0.0,春节放鞭炮
80,春节不放鞭炮，环保过大年，请继续支持!,0.0,春节放鞭炮
81,春节不放鞭炮，让环卫工过个安心年。,0.0,春节放鞭炮
82,听说，在没有禁鞭炮的城市，春节早上的猫猫狗狗是这样的......,0.0,春节放鞭炮
83,春节放鞭炮，清明烧纸钱，巨大浪费背后是更严重的环境污染，威胁后人可持续发展，难道不是先人的期盼？春节禁放鞭炮，人人有责，平安人人受益!,0.0,春节放鞭炮
84,#不放鞭炮，爱护环境，为他人着想。,0.0,春节放鞭炮
85,春节放鞭炮是无可厚非的，可是遇到小宝宝对鞭炮声胆小敏感时，就有些惨了。几天下来每晚必被吵醒哭的稀里哗啦的小丽丽，着实让妈妈我抓狂，尤其保姆还回家过年。,0.0,春节放鞭炮
86,今天放鞭炮了，为了城市安全，为了保护环境，为了保护老人和孩子健康，低碳环保生活，反对放鞭炮。,0.0,春节放鞭炮
87,春节将至，烟花爆竹燃放有隐患，请远离。,0.0,春节放鞭炮
88,春节PM2.5浓度降近四成，政府提倡百姓支持，京津地区少放鞭炮作用明显，元宵节&情人节继续保持。,0.0,春节放鞭炮
89,春节不放鞭炮，拒绝空气污染从我做起。,0.0,春节放鞭炮
90,春节不放鞭炮，让狗狗和猫咪快乐过新年。,0.0,春节放鞭炮
91,反对春节放鞭炮,0.0,春节放鞭炮
92,@@@@@@@@@@@@############,0.0,春节放鞭炮
93,反对过年放鞭炮,0.0,春节放鞭炮
94,@刘伟：春节期间燃放鞭炮不文明，污染空气，导致空气污染。,0.0,春节放鞭炮
95,电子鞭炮，环保无用,0.0,春节放鞭炮
96,反对春节放鞭炮,0.0,春节放鞭炮
97,春节放鞭炮，清明烧纸钱，严重污染环境，破坏子孙后代的可持续发展，反对传统习俗，环保行动。,0.0,春节放鞭炮
98,"春节不放炮,拒绝空气污染从我做起。",0.0,春节放鞭炮
99,"反对态度言论：

大大地赞扬慈溪市精神文明建设委员会办公室,慈溪市环保局,慈航公益服务中心的行动，主办了""拒绝雾霾,慈溪万人签名承诺新春佳节不燃烟火爆竹""这行动提倡得好，使百姓既省钱又安宁。真希望上海区过春节也""不放鞭炮""让我们过一个祥和,安全,愉快,健康的绿色环保""新年""。

天气预报说,马年春节期间白天平均气温在5度左右,真是一个比较温暖的新春佳节。如果这个春节大家都少放或者不放鞭炮,那将会对大气环境做出贡献,也会给环卫工人减少一定的工作量,也会减少很多鞭炮纸屑垃圾,这么多的好处何乐而不为之呢？",0.0,春节放鞭炮
100,主页君今个一早到现在，耳边的鞭炮声断断续续，到了晚上更为热闹，人们的发财愿望是好的，过这个财神节也是你的自由，可能不能不放鞭炮呢？首先这不是春节，有历史传统习俗，非放不可。再者，有问过他老人家喜欢鞭炮吗？他来了你们放炮也得把他吓跑了。在我所住的城市/今年春节放鞭炮的少了一半还多/追起原因有二/一是考虑空气污柒/二是百姓嫌贵/三是花钱听响不实惠/四是过年的传统被颠复 大家看还有哪些原因,0.0,春节放鞭炮
101,春节放鞭炮，不仅污染环境，还危害健康。我们应该抵制鞭炮的滥用，保护我们的地球。,0.0,春节放鞭炮
102,春节期间，我们应该从自己做起，减少污染，保护环境。,0.0,春节放鞭炮
103,主页君今天一早听到鞭炮声断断续续，到晚上更为热闹，人们发财愿望是好的，过这个财神节也是你的自由，不能不放鞭炮吗？这并不是春节，有历史传统习俗，非放不可。再者，有问过他老人家喜欢鞭炮吗？他来了你们放炮也得把他吓跑了。今年春节破例，没有放一支烟花。新年时，多多郑重宣布：今年家里不放鞭炮，环保!去年春节剩下的三捆烟花刚找出来，就被多多没收了——孩子的环保意识值得尊重!也好，不放就不放，省下了往年大团结的支出，通胀，钱是得省着点花!,0.0,春节放鞭炮
104,春节不放鞭炮，春节快乐!,0.0,春节放鞭炮
105,春节放鞭炮是不对的。,0.0,春节放鞭炮
106,反对态度言论：春节放鞭炮污染环境，对空气质量造成不良影响。,0.0,春节放鞭炮
107,春节燃放烟花应改进,0.0,春节放鞭炮
108,"春节放鞭炮,是春节传统习俗,也是童年回忆,放鞭炮不放鞭炮,是个人的选择,不是政府的政策。",0.0,春节放鞭炮
109,"今天晚上就尽看CCTV6了，没想到下映才一个月的片子就能上电视。2个呢虽然不是特别出彩，但还是可以看看的，主要是都有一些别出心裁的剧情。2个老天王还是可以保证一定质量的。

#民生服务#【宁波市中医院急诊春节期间不放假 照常24小时开诊】2月9—13日(除夕至初四)中医院总部门诊按节假日值班安排(详见www.nbszyy.com.cn),初五起恢复正常,江东门诊部2月9—14日停诊。PS:春节不放鞭炮、注意饮食......#绿色过年#!远离医院!医生坐诊咨询电话:87089035,收藏，以备不时之需!",0.0,春节放鞭炮
110,@桂林懒猫青年旅舍客栈 @阳朔懒猫青年旅舍 |环城西二路 @懒猫青年旅舍 | 环城西二路,0.0,春节放鞭炮
111,@中国文明网 @人民日报 @央视新闻 @长春发布 @长春发布,0.0,春节放鞭炮
112,过年放鞭炮对身体有害，对空气质量也不好。我们应该重视环保，从自身做起，减少放鞭炮。,0.0,春节放鞭炮
113,春节禁鞭，放鞭炮是有害的，放鞭炮不仅影响空气质量，还破坏环境。,0.0,春节放鞭炮
114,@平安宜昌：春节不放鞭炮，才是环保。,0.0,春节放鞭炮
115,春节放鞭炮是为子孙后代着想，而环保是我们每个人的责任。我们应该以实际行动来保护环境，减少空气污染，让地球变得更加美丽。请每个人都能从小事做起，从身边的小事做起，为地球和子孙后代着想。,0.0,春节放鞭炮
116,@抱猴子的兔子,0.0,春节放鞭炮
117,"天刚晴点就开始放鞭炮,中国人的劣根性就像狗一样,记吃不记打。大到一个企业的逐利心态,置万千民意于不顾,投资建设重污染的项目,小到黎民百姓,环保意识全无,都伸手不见五指了,还丧心病狂的放鞭炮呢。治理空气污染是场持续战役,与其和污浊的空气较劲,不如从我做起-今年春节不放鞭炮!!!!!",0.0,春节放鞭炮
118,反对放鞭炮，反对放烟花爆竹。,0.0,春节放鞭炮
119,春节期间，燃放鞭炮不仅污染环境，还易引发火灾等安全事故，因此，春节期间要减少燃放烟花爆竹。,0.0,春节放鞭炮
120,春节放烟花爆竹是陋习，环保问题需要我们共同重视和解决。我们应该摒弃传统陋习，环保、低碳、绿色过年。,0.0,春节放鞭炮
121,建议大家在春节期间尽量不放鞭炮，为环保尽一份力。,0.0,春节放鞭炮
122,春节不放烟花爆竹是环保和低碳的象征，我们应该支持并支持环保和低碳的生活方式。,0.0,春节放鞭炮
123,春节放鞭炮是违法的，环保是我们的责任，我们应该为保护环境而努力。,0.0,春节放鞭炮
124,春节不放或少放鞭炮。,0.0,春节放鞭炮
125,"""春节期间放鞭炮、烧纸钱等不文明行为，不仅会给社会带来负面影响，还对环境造成损害。""",0.0,春节放鞭炮
126,春节不放鞭炮赶走雾霾天。,0.0,春节放鞭炮
127,春节放鞭炮，清明烧纸钱，巨大浪费的背后是更为严重的环境污染，威胁后人的可持续发展，不是先人的期盼。,0.0,春节放鞭炮
128,#春节快乐#不放鞭炮的春节，因为在怒江傈僳族里，不放鞭炮是最传统和尊重的行为。,0.0,春节放鞭炮
129,反对春节放鞭炮，低碳环保过节。,0.0,春节放鞭炮
130,元宵节炮火连天，让人感到苦中作乐，却无异于苦中作乐。,0.0,春节放鞭炮
131,春节放鞭炮是大气污染的主要原因，不应该让小孩子肆意放鞭炮。,0.0,春节放鞭炮
132,反对放鞭炮，环保意识已经逐步养成，应该改变不放鞭炮的陋习。,0.0,春节放鞭炮
133,春节放鞭炮的负面影响很大，空气污染严重，破坏环境。我们应该采取措施来保护环境，比如减少使用一次性塑料制品、节约能源等等。,0.0,春节放鞭炮
134,今天小年可以放鞭炮了，为了我们的城市安全，为了保护我们生存的室内外环境，为了保护我们的老人和孩子健康，为了低碳环保生活，提倡今年春节不放或者少放鞭炮，平平安安欢欢乐乐过春节。,0.0,春节放鞭炮
135,@平安成都 @成都环保 回复：我反对放鞭炮。,0.0,春节放鞭炮
136,春节不放鞭炮，是保护环境的好办法，支持环保，从我做起。,0.0,春节放鞭炮
137,今年春节不放鞭炮了，虽然新闻上说鞭炮产生有害气体，但我认为环保过年才是最好的选择。,0.0,春节放鞭炮
138,@反对春节放鞭炮,0.0,春节放鞭炮
139,春节不放鞭炮，赶走雾霾天，能消除雾霾，还能减轻空气污染，何必不放呢？,0.0,春节放鞭炮
140,反对春节放鞭炮，过节不放纸，过节要环保，环保过年。,0.0,春节放鞭炮
141,"""北京当年带了一个坏头吗？当年,北京在全国率先取消了春节在城内禁止放鞭炮的规定,接之,全国城市向北京学习,一度在春节期间禁止放鞭炮的革命性规定,从此颠履。现在,城市的环境越来越差,春节还要放鞭炮吗?!成都市的几个小学生向全国发出倡议:禁止春节放鞭炮,我支持""",0.0,春节放鞭炮
142,春节长假热词盘点：PM2.5、光盘、减奢、恐归,0.0,春节放鞭炮
143,春节不放鞭炮，不环保，放鞭炮污染空气。,0.0,春节放鞭炮
144,反对态度言论：我们应该以文明、环保的方式欢度新年。,0.0,春节放鞭炮
145,春节不放鞭炮，少了年味。,0.0,春节放鞭炮
146,春节不放鞭炮，家人支持，孩子支持，环保意识逐渐养成。,0.0,春节放鞭炮
147,春节放鞭炮，放鞭炮，放鞭炮!,0.0,春节放鞭炮
148,"好的传统可以延续，不好的传统应该结束，比如鞭炮，还是全国统一禁止燃放吧。有人非要拿春节必须放鞭炮一说，那过去还非要一男配多女,偷情就处死,基被发现基本烧死,那你们也延续这样的传统好了。",0.0,春节放鞭炮
149,"反对: 春节不放鞭炮, 放鞭炮会污染环境, 浪费资源, 不利于环保。",0.0,春节放鞭炮
150,春节放鞭炮导致小区垃圾引燃，烧毁四辆车和物业大楼，呼吁博友时刻关注安全。,0.0,春节放鞭炮
151,春节燃放烟花是中国传统习俗，但街边随意燃放污染空气，炮竹垃圾增加环卫工劳动量，应改革传统习俗。,0.0,春节放鞭炮
152,放鞭炮会让狗和猫远离大自然，对环境造成污染。,0.0,春节放鞭炮
153,不放鞭炮过节，不如节约过节，不如减少垃圾量，过节要节俭。,0.0,春节放鞭炮
154,元宵节炮火连天是苦中作乐，人人出门应尽量减少出行，不要等到大雾阴霾时才怨天尤人。,0.0,春节放鞭炮
155,将军牛排7家门店今年春节不放鞭炮烟花。,0.0,春节放鞭炮
156,春节放鞭炮的危害是巨大的，不仅会对环境造成危害，还会增加疾病传播的风险。因此，我们应该采取措施，减少鞭炮的使用，同时加强环保宣传教育，减少鞭炮的使用。,0.0,春节放鞭炮
157,反对春节放鞭炮,0.0,春节放鞭炮
158,春节禁放鞭炮，少放鞭炮，环保又节约，安全又扰民。,0.0,春节放鞭炮
159,春节不放鞭炮，为了环保，我们每个人都应该自觉地放弃鞭炮，只放清洁能源和绿色出行。,0.0,春节放鞭炮
160,"反对态度言论：
北京原住民庆祝春节，减少或不放鞭炮烟花，避免对环境造成损害。",0.0,春节放鞭炮
161,主页君认为放鞭炮污染环境，浪费资源，不如在家放些花炮。,0.0,春节放鞭炮
162,@武汉晚报: 在春节期间，我们应该减少鞭炮的使用，尽可能减少对环境的污染。,0.0,春节放鞭炮
163,春节期间不放鞭炮，过热闹年。,0.0,春节放鞭炮
164,春节不放鞭炮，环保从我做起。,0.0,春节放鞭炮
165,反对鞭炮烟花在政府禁止燃放的十多年前，我依然不放。如今政府又允许燃放，但我也不放。,0.0,春节放鞭炮
166,春节不放鞭炮，会污染环境。,0.0,春节放鞭炮
167,春节不放鞭炮，保护环境，环保不等于浪费钱。,0.0,春节放鞭炮
168,放鞭炮是放鞭炮，放鞭炮是放鞭炮!,0.0,春节放鞭炮
169,春节放鞭炮太讨厌了，噪音大，吵人睡不好，空气弥漫着火药味，太难受了。我们应该把鞭炮禁了，让空气清新些。,0.0,春节放鞭炮
170,春节不放鞭炮一样有年味儿!为了头顶的蓝天和家人的呼吸道健康，让霾早日远去从自己做起!有买炮的钱多孝敬老人吧!支持的微博朋友转发。,0.0,春节放鞭炮
171,@长春发布 @中国文明网 @人民日报 @央视新闻 @长春发布 @中国文明网 @长春发布 @人民日报 @央视新闻 @长春发布,0.0,春节放鞭炮
172,@郑渊洁: @达尔问自然求知社 等环保组织呼吁今年春节不放或少放烟花爆竹，过一个绿色的春节。,0.0,春节放鞭炮
173,除夕夜燃放鞭炮引燃垃圾烧毁四车物业大楼北侧墙面，提醒博友安全意识时刻放在心头。春节不发短信、不放鞭炮环保节约型新年开始，祝春节快乐!,0.0,春节放鞭炮
174,@汪星人：春节不放鞭炮，我可不想放鞭炮啊! @铲屎官：春节不放鞭炮，我可不想放烟花啊! @汪星人：春节不放鞭炮好吗？ @铲屎官：春节不放鞭炮好吗？ @汪星人：春节不放鞭炮好不好？ @铲屎官：春节不放鞭炮兵好吗？ @汪星人：春节不放烟花好吗？ @铲屎官：春节不放烟花好吗？ @汪星人：春节不放炮好吗？ @铲屎官：春节不放过鞭炮好吗？ @汪星人：春节放鞭炮好吗？ @铲屎官：放鞭炮好吗？ @汪星人：放鞭炮好吗？ @铲屎官：不放鞭炮好吗？ @汪星人:春节放鞭炮好吗？ @铲屎官:春节放鞭炮好吗？ @汪星人：不放鞭炮好吗？ @铲屎官:放鞭炮好吗？ @汪星人：不给放鞭炮好吗？ @铲屎官：不给放鞭炮好吗？ @汪星人：给放鞭炮好吗？ @铲屎官：给放鞭炮好吗？ @汪星人：不让放鞭炮好吗？ @铲屎官：不让放鞭炮好吗？ @汪星人：不许放鞭炮好吗？ @铲屎官：不许放鞭炮好吗？ @汪星人：不允许放鞭炮好吗？ @铲屎官：不允许放鞭炮好吗？ @汪星人：禁止放鞭炮好吗？ @铲屎官：禁止放鞭炮好吗？ @汪星人：禁鞭炮好吗？ @铲屎官：禁止鞭炮好吗？ @汪星人：禁止鞭炮好吗？ @铲屎官：禁止燃放鞭炮好吗？ @汪星人：燃放鞭炮好吗？ @铲屎官：燃放鞭炮好吗？ @汪星人:禁止燃放鞭炮好吗？ @铲屎官:禁止燃放鞭炮好吗？ @汪星：禁止燃放鞭炮好吗？ @铲屎车：禁止燃放鞭炮好吗？ @汪星球：禁止燃放鞭炮好吗？ @铲狗官：禁止燃放鞭炮好吗？ @铲猫官：禁止燃放鞭炮好吗？ @喵星人：禁止燃放鞭炮好吗？ @汪星星：禁止燃放鞭炮好吗？ @铲铲猫官：禁止燃放鞭炮好吗？,0.0,春节放鞭炮
175,春节放鞭炮，大气污染严重，我们应该少放烟花爆竹。,0.0,春节放鞭炮
176,春节期间，鞭炮的燃放不仅污染空气，还造成了垃圾堆积，对环卫工人的劳动造成了影响。因此，减少燃放鞭炮，选择在固定地点燃放鞭炮，减少燃放鞭炮的数量，才是更好的选择。,0.0,春节放鞭炮
177,为了北京以后能有更多的蓝天，做出北京人自己一份微薄的力量。[呵呵],0.0,春节放鞭炮
178,春节放鞭炮是陋习，应该摒弃，倡导低碳环保的过年方式。,0.0,春节放鞭炮
179,春节期间，我们应该减少鞭炮的使用，减少空气污染，保护我们的环境，让春节更加美好。,0.0,春节放鞭炮
180,春节不放鞭炮，省下鞭炮钱。,0.0,春节放鞭炮
181,"#春节即到,又是一年了,为欢度春节,人们又要放鞭炮了,这项活动除了噪音之外,更重要的是空气污染,但愿大家都能够尽量减少放炮,或者不放鞭炮,过一个绿色欢乐的春节。",0.0,春节放鞭炮
182,春节燃放烟花是传统习俗，但应改革。,0.0,春节放鞭炮
183,@王女士：春节不放鞭炮，注意饮食，远离医院。,0.0,春节放鞭炮
184,春节放鞭炮是传统习俗，但烟花爆竹燃放每年都会引发安全事故，因此禁止燃放烟花爆竹。春节不放鞭炮，能否解决雾霾问题？,0.0,春节放鞭炮
185,春节前，各种媒体、公司、学校等团体都提倡环保过节，不放或少放鞭炮。但除夕、破五、元宵节轰隆隆的鞭炮爆炸声告诉我们：道德约束多么苍白、无力!,0.0,春节放鞭炮
186,"今年春节不放鞭炮,为环保做点实事,今天女儿给我们买来了电子鞭炮。",0.0,春节放鞭炮
187,@平安宜昌联合当地环卫、学校、医院、消防、环保等部门拍摄了一组呼吁大家春节不放鞭炮的照片，呼吁大家春节不放鞭炮，通过此次宣传，树立全民自觉自愿“禁放”意识，真正体会到禁放人人有责，平安人人受益，祝福所有人平平安安过春节!,0.0,春节放鞭炮
188,放鞭炮，我们不放烟花爆竹，而是通过减少碳排放来保护环境。,0.0,春节放鞭炮
189,不放鞭炮不烧纸，移风易俗过新年。,0.0,春节放鞭炮
190,春节不放鞭炮，少了年味。,0.0,春节放鞭炮
191,春节放鞭炮一定要注意安全，不要扔进下水道井盖内，不要靠近未燃放的鞭炮，大人看护下燃放，地点选在室外开阔地区，远离正在燃放的爆竹和焰火，放完不要马上靠近燃放区，点鞭炮时保持安全距离。,0.0,春节放鞭炮
192,春节不放鞭炮了，贴春联、粘窗花、挂红灯笼，喜气洋洋过年了!,0.0,春节放鞭炮
193,春节不放鞭炮，环保过大年。,0.0,春节放鞭炮
194,"#西安雾霾#@现在的我已從良 :我国大部分城市因雾霾天气让人苦不堪言!2013仅剩11天,新的一年即将到来。春节期间放鞭炮的传统民俗少不了。对此,我呼吁古城西安的各族人民春节期间不放炮。大家支持么?",0.0,春节放鞭炮
195,@睿家社工服务社：春节不放鞭炮，空气更清新，大家更健康。,0.0,春节放鞭炮
196,烟花爆竹销售遇冷，春节将至，春节放鞭炮是传统，但随着人们意识提高，销售量下滑，春节放鞭炮应少放，让环卫工回家，好空气好环境。,0.0,春节放鞭炮
197,春节不放鞭炮，环保春节。,0.0,春节放鞭炮
198,不放鞭炮也能过热闹年，何必要放鞭炮？,0.0,春节放鞭炮
199,"@西安雾霾 : 我国大部分城市因雾霾天气让人苦不堪言!2013仅剩11天，新的一年即将到来。春节期间放鞭炮的传统民俗少不了。对此，我呼吁古城西安的各族人民#春节期间不放炮#!，大家支持么?

@西安雾霾 : 我国大部分城市因雾霾气候让人苦不堪言!2013仅剩11天，新年即将到来。春节期间放鞭炮的传统民俗少不了。在此，我呼吁古城西安的各族人民#春节不放炮#!，大家支持么?
@西安雾霾 : 今年春节放鞭炮少了四成，让人一度觉得欣喜，看来许多人已经懂得爱护环境了。没想到元宵节又炮火连天了。这无异于苦中作乐啊!人人都是要出门的，不要等到大雾阴霾再怨天尤人啊!",0.0,春节放鞭炮
200,过年放鞭炮的后果是环境污染和空气污染。春节放鞭炮不仅影响身体健康，还容易引发火灾和火灾事故。春节放鞭炮不仅污染环境，还破坏了生态平衡，危害社会和他人。因此，春节放鞭炮是不可取的。,0.0,春节放鞭炮
201,今年的春节，放鞭炮是人们最不愿意看到的，但环保意识却在不知不觉中逐渐形成，如今春节放鞭炮的环保意识越来越强，环保意识在下一代中也逐渐养成。今年的春节，全市禁鞭，没有鞭炮，出门放心，空气清新，晚安。,0.0,春节放鞭炮
202,春节放鞭炮是春节习俗，但放鞭炮时对环境和健康影响很大，因此建议大家在放鞭炮时要注意环保和健康。,0.0,春节放鞭炮
203,放鞭炮的环保号召，不放鞭炮的环保口号，大家要行动起来!,0.0,春节放鞭炮
204,我们不能一边抱怨空气质量差，一边主动去做污染空气的事。我们应该多关心自己的身体健康，少喝酒，多运动，保持健康的饮食习惯。,0.0,春节放鞭炮
205,春节不放鞭炮，大家要出门啊!,0.0,春节放鞭炮
206,春节放鞭炮是一种传统风俗，但每年春节期间，放鞭炮会增加空气污染和空气污染，导致大气污染。因此，春节期间禁止放鞭炮是必要的。同时，禁止放鞭炮还能够减少污染，减少空气污染。反对放鞭炮的反对意见：反对放鞭炮的反对意见：反对放鞭烟花爆竹。,0.0,春节放鞭炮
207,74省道上。,0.0,春节放鞭炮
208,春节放鞭炮是传统节日，应该尊重传统，而不是因为环保问题而破坏传统。虽然放鞭炮会影响空气质量，但只要不放鞭炮，我们应该更加爱护自然环境，而不是为了环保而牺牲了传统文化。,0.0,春节放鞭炮
209,春节放鞭炮已经成为中国传统文化的一部分，但现在杭州的空气污染越来越严重，pm2.5浓度也在增加。人们为了环保和保护环境，开始减少排放尾气，减少垃圾排放，减少污染的产生。我们应该从自己做起，减少排放尾气和垃圾，为环保做出贡献。,0.0,春节放鞭炮
210,春节燃放烟花爆竹污染空气、噪音超标、火灾、伤人、浪费木材、老人孩子休息不方便、病人更遭殃，这种传统绝对糟粕。春节燃放烟花爆竹，浪费了多少人力、物力、财力和森林!,0.0,春节放鞭炮
211,春节放鞭炮是人们挥之不去的情结，但放鞭炮释放的烟雾会严重影响空气质量，甚至危及生命。为了减少空气污染，春节期间禁止放鞭炮，呼吁大家爱护环境，从我做起。,0.0,春节放鞭炮
212,春节放鞭炮与环保矛盾，放不放鞭炮，陈光标改名字。,0.0,春节放鞭炮
213,春节期间广州北部地区出现重度污染，城区人口减少，不放鞭炮缓解污染，避免某些人抵触，自告奋勇模仿鞭炮声吼10分钟，这不符合科学事实。,0.0,春节放鞭炮
214,春节放鞭炮，空气污染，百姓嫌贵，花钱听响不实惠，过年传统被颠复。,0.0,春节放鞭炮
215,放鞭炮，破坏环境，危害健康。,0.0,春节放鞭炮
216,春节放鞭炮不仅污染环境，还危害身体健康，应禁止。,0.0,春节放鞭炮
217,"#我是怒江傈僳族
#我们家春节不放鞭炮，是因为家里没有鞭炮，我们自己不放，我们自己负责环保。
#环保是我们的家园，我们应该为环境着想，不要让地球受到伤害。
#春节快乐!",0.0,春节放鞭炮
218,"""春节不放鞭炮不烧纸，移风易俗过新年，环保节约型新年开始，春节快乐!""",0.0,春节放鞭炮
219,今年的春节放鞭炮少了四成，很多人已经意识到环保的重要性，但元宵节又炮火连天，这是苦中作乐啊!人人都要出门，不要等到大雾阴霾再怨天尤人。,0.0,春节放鞭炮
220,"春节放鞭炮是人们挥之不去的情结，但专家指出，每消耗1吨爆竹，会产生300公斤以上灰霾。为了减少空气污染，还大连一片蓝天，新浪大连联合@大连公安、大连市环保局发起倡议：春节不放鞭。

除夕初一广州北部出现重度污染，今天上午重度污染转为轻度。气象部门预测春节期间广东部分市县轻度灰霾将继续。专家称污染主因是气象条件不利，城区人口减少不放鞭炮缓解污染。",0.0,春节放鞭炮
221,春节不放鞭炮，安全环保两不误。,0.0,春节放鞭炮
222,春节期间放鞭炮不仅污染环境，还制造噪音，浪费钱财，我们应该摒弃这种陋习，提倡移风易俗，过一个绿色环保、文明健康的春节。,0.0,春节放鞭炮
223,春节不放鞭炮可以减少火灾事故。,0.0,春节放鞭炮
224,反对春节放鞭炮,0.0,春节放鞭炮
225,春节放鞭炮的负面影响已经引起了广泛关注，我们应该提倡减少鞭炮的使用，尽可能减少污染，保护环境，共同保护地球。,0.0,春节放鞭炮
226,春节燃放烟花爆竹危害大，请注意消防安全，切勿随意燃放。,0.0,春节放鞭炮
227,春节放鞭炮，不仅污染空气，还破坏环境。我们应该从自我做起，保护环境，不放鞭炮。,0.0,春节放鞭炮
228,春节期间，北京城区放鞭炮时，噪音扰民，空气污染严重，严重影响居民健康。因此，为了维护首都环境卫生，禁止放鞭炮是必要的。但是，在放鞭炮时，也要遵守安全规定，避免产生噪音污染。我们呼吁广大市民在春节期间要文明出行，不要放鞭炮，保护环境，为创建宜居城市贡献力量。,0.0,春节放鞭炮
229,"春节不放鞭炮，环保过大年，春节不放鞭炮，春节不放鞭炮，春节不放鞭，春节不放鞭，春节不放鞭，过年不放鞭，过年不放鞭，过年不鞭，过年不鞭，过年不鞭，过年鞭，过年鞭，过年鞭，过年鞭，春节鞭，过年鞭，过年鞭，过年鞭，年年鞭，年年鞭，过年鞭，年年鞭，过年鞭，过年鞭，过年鞭，鞭，鞭，鞭，鞭，鞭，鞭鞭，鞭鞭，鞭鞭，鞭鞭，过年鞭，鞭鞭，鞭鞭，鞭鞭，春节鞭，鞭鞭，鞭鞭，鞭鞭，年年鞭，鞭鞭，鞭鞭，鞭鞭，元旦鞭，鞭鞭，鞭鞭，鞭鞭，清明鞭，鞭鞭，鞭鞭，鞭鞭，清明节鞭，鞭鞭，鞭鞭，鞭鞭，节节鞭，鞭鞭，鞭鞭，鞭鞭，拜年鞭，鞭鞭，鞭鞭，鞭鞭鞭，鞭鞭鞭，鞭鞭鞭，春节鞭，鞭鞭鞭，鞭鞭鞭，鞭，鞭鞭鞭，鞭鞭鞭，鞭炮鞭，鞭鞭鞭，鞭鞭鞭，鞭打鞭，鞭鞭鞭，鞭鞭鞭，鞭节鞭，鞭鞭鞭，鞭鞭鞭，鞭年鞭，鞭鞭鞭，鞭鞭鞭，鞭春节鞭，鞭鞭鞭，鞭鞭鞭，春节不放鞭，春节不放鞭鞭鞭，春节不放鞭鞭鞭，春节不鞭鞭鞭，春节不鞭鞭鞭，春节鞭鞭鞭，鞭鞭鞭，鞭鞭鞭鞭鞭，鞭鞭鞭鞭鞭，鞭节鞭鞭鞭，鞭鞭鞭鞭鞭，鞭年鞭鞭鞭，鞭鞭鞭鞭鞭，鞭，鞭鞭鞭鞭鞭，鞭鞭鞭，鞭鞭鞭抽鞭鞭鞭鞭鞭鞭鞭鞭鞭鞭鞭鞭，鞭鞭鞭鞭鞭鞭鞭鞭鞭鞭鞭抽鞭鞭鞭鞭鞭鞭鞭，鞭鞭鞭，鞭炮鞭鞭鞭鞭鞭鞭鞭鞭鞭鞭鞭累鞭鞭鞭鞭鞭鞭鞭鞭鞭鞭鞭打鞭鞭鞭鞭鞭鞭鞭鞭鞭鞭鞭炮鞭鞭鞭鞭鞭鞭鞭鞭鞭，鞭，鞭鞭鞭，鞭炮鞭鞭鞭，鞭鞭鞭鞭鞭鞭鞭，鞭鞭鞭炮鞭鞭鞭鞭鞭鞭鞭，鞭鞭鞭。鞭鞭鞭鞭鞭鞭鞭鞭鞭鞭鞭。鞭鞭鞭鞭鞭鞭鞭，鞭鞭鞭挝鞭鞭鞭鞭鞭鞭鞭鞭鞭鞭鞭挝鞭鞭鞭鞭鞭鞭鞭，鞭鞭鞭放鞭鞭鞭鞭鞭鞭鞭鞭鞭鞭鞭皮鞭鞭鞭鞭鞭鞭鞭鞭鞭鞭鞭麻鞭鞭鞭鞭鞭鞭鞭鞭鞭鞭鞭 鞭鞭鞭鞭鞭鞭鞭鞭鞭鞭鞭督鞭鞭鞭鞭鞭鞭鞭鞭鞭鞭鞭笞鞭鞭鞭鞭鞭鞭鞭鞭鞭鞭鞭鞭鞭鞭鞭鞭鞭鞭鞭鞭鞭鞭牛鞭鞭鞭鞭鞭鞭鞭鞭鞭鞭鞭烟鞭鞭鞭鞭鞭鞭鞭鞭鞭鞭鞭驴鞭鞭鞭鞭鞭鞭鞭鞭鞭鞭鞭拖鞭鞭鞭鞭鞭鞭鞭鞭鞭鞭鞭酒鞭鞭鞭鞭鞭鞭鞭鞭鞭鞭鞭挞鞭鞭鞭鞭鞭鞭鞭鞭鞭鞭鞭长鞭鞭鞭鞭鞭鞭鞭鞭鞭鞭鞭威鞭鞭鞭鞭鞭鞭鞭鞭鞭鞭鞭放鞭鞭鞭鞭鞭鞭鞭炮鞭鞭鞭，鞭鞭鞭鞭鞭，鞭长鞭鞭鞭鞭鞭鞭鞭鞭鞭笞鞭杖鞭鞭鞭鞭鞭鞭鞭鞭鞭鞭鞭杖鞭鞭鞭鞭鞭鞭鞭鞭鞭，鞭鞭鞭鞭鞭鞭鞭鞭鞭鞭，鞭挝鞭鞭鞭鞭鞭鞭鞭鞭鞭挞鞭挝鞭鞭鞭鞭鞭鞭鞭鞭鞭炮鞭挝鞭鞭鞭鞭鞭鞭鞭鞭鞭，鞭炮鞭鞭鞭鞭鞭，鞭鞭鞭鞭鞭挞鞭鞭鞭鞭鞭笞鞭鞭鞭鞭鞭挞鞭鞭鞭鞭鞭，鞭鞭鞭鞭鞭杖鞭鞭鞭鞭鞭挝鞭鞭鞭鞭鞭挞鞭鞭鞭鞭鞭挞鞭鞭鞭鞭鞭督鞭鞭鞭鞭鞭督鞭鞭鞭鞭鞭，鞭鞭鞭鞭鞭挝鞭鞭鞭鞭鞭挝鞭鞭鞭鞭鞭，鞭鞭鞭鞭鞭笞鞭鞭鞭鞭鞭挝鞭鞭鞭鞭鞭杖鞭鞭鞭鞭鞭，鞭鞭鞭鞭鞭督鞭鞭鞭鞭鞭挝鞭鞭鞭鞭鞭打鞭鞭鞭鞭鞭，鞭鞭鞭鞭鞭打鞭鞭鞭鞭鞭挝鞭鞭鞭鞭鞭笞鞭鞭鞭鞭鞭，鞭鞭鞭鞭鞭炮鞭鞭鞭鞭鞭，鞭鞭鞭挞鞭鞭鞭鞭鞭鞭鞭，鞭鞭鞭挞鞭挞鞭鞭鞭鞭鞭鞭鞭鞭鞭，鞭长鞭鞭鞭挞鞭鞭鞭鞭鞭鞭鞭笞鞭鞭鞭，鞭鞭鞭鞭鞭鞭鞭笞鞭鞭鞭挞鞭鞭鞭鞭鞭鞭鞭。鞭鞭鞭挝鞭鞭鞭鞭鞭鞭鞭挝鞭鞭鞭，鞭鞭鞭鞭鞭鞭鞭挞鞭鞭鞭，鞭鞭鞭鞭鞭鞭鞭督鞭鞭鞭，鞭鞭鞭鞭鞭鞭鞭纪鞭鞭鞭鞭鞭，鞭鞭鞭鞭鞭纪鞭鞭鞭鞭鞭鞭鞭鞭鞭鞭鞭,鞭鞭鞭鞭鞭鞭鞭鞭鞭鞭鞭策鞭鞭鞭鞭鞭鞭鞭鞭鞭鞭鞭...鞭鞭鞭鞭鞭鞭鞭鞭鞭鞭鞭纪鞭鞭鞭挝鞭鞭鞭鞭鞭鞭鞭,鞭鞭鞭挞鞭鞭鞭鞭鞭鞭鞭,鞭鞭鞭笞鞭鞭鞭鞭鞭鞭鞭,鞭鞭鞭督鞭鞭鞭鞭鞭鞭鞭,鞭鞭鞭纪鞭鞭鞭鞭鞭鞭鞭,鞭鞭鞭挝鞭鞭鞭鞭鞭鞭鞭纪鞭鞭鞭,鞭鞭鞭鞭鞭鞭鞭,鞭鞭鞭打鞭鞭鞭鞭鞭鞭鞭,鞭鞭鞭踏鞭鞭鞭鞭鞭鞭鞭鞭鞭鞭鞭!鞭鞭鞭鞭鞭鞭鞭鞭鞭鞭鞭车鞭鞭鞭鞭鞭鞭鞭鞭鞭鞭鞭啊鞭鞭鞭鞭鞭鞭鞭鞭鞭鞭鞭狗鞭鞭鞭鞭鞭鞭鞭鞭鞭鞭鞭.鞭鞭鞭鞭鞭鞭鞭鞭鞭鞭鞭捆鞭鞭鞭鞭鞭鞭鞭鞭鞭鞭鞭无鞭鞭鞭鞭鞭鞭鞭鞭鞭鞭鞭节鞭鞭鞭鞭鞭鞭鞭鞭鞭鞭鞭凌鞭鞭鞭鞭鞭鞭鞭鞭鞭鞭鞭......鞭鞭鞭鞭鞭鞭鞭鞭鞭鞭鞭踏鞭鞭鞭鞭鞭鞭鞭,鞭鞭鞭策鞭鞭鞭鞭鞭鞭鞭,鞭鞭鞭,鞭鞭鞭鞭鞭鞭鞭纪鞭鞭鞭纪鞭鞭鞭鞭鞭鞭鞭挞鞭鞭鞭,鞭鞭鞭鞭鞭鞭鞭挝鞭鞭鞭,鞭鞭鞭鞭鞭鞭鞭挞鞭鞭鞭皮鞭鞭鞭鞭鞭鞭鞭,鞭鞭鞭杖鞭鞭鞭鞭鞭鞭鞭,鞭鞭鞭步鞭鞭鞭鞭鞭鞭鞭鞭鞭鞭鞭",0.0,春节放鞭炮
230,春节期间放鞭炮是污染空气的主要源头，所以应该减少鞭炮的投放，减少空气污染的危害。,0.0,春节放鞭炮
231,不放鞭炮过春节，不环保，不健康，不欢乐，不幸福，不吉祥，不祥和，不安宁，不祥和，不祥和，不祥和，不祥祥，不祥祥，不祥祥，不祥和，不祥祥，不祥和，不祥和，不祥兴，不祥兴，不祥兴，不祥和，不祥兴，不祥和，不祥和，不祥庆，不祥庆，不祥庆，不祥兴，不祥庆，不祥庆，不祥祥，不祥兴，不祥庆，不祥兴，不祥兴，不祥庆，不祥祥，不祥庆，不祥庆，不祥春，不祥春，不祥春，不祥庆，不祥庆，不祥欢，不祥欢，不祥春，不祥春，不祥欢，不祥春，不祥欢，不祥欢，不祥欢，不祥庆，不祥欢，不祥庆，不祥春，不祥欢，不祥庆，不祥庆，不祥喜，不祥喜，不祥庆，不祥庆，不祥喜庆，不祥喜庆，不祥庆，不祥庆，不祥寿，不祥寿，不祥寿，不祥庆，不祥寿，不祥庆，不祥庆，不祥福，不祥寿，不祥寿，不祥福，不祥寿，不祥福，不祥庆，不祥寿，不祥福，不祥喜，不祥寿，不祥寿，不祥喜，不祥寿，不祥福，不祥福，不祥寿，不祥喜，不祥福，不祥寿，不祥庆，不祥福，不祥庆，不祥庆，不祥祝，不祥祝，不祥寿，不祥寿，不祥春，不祥春，不祥寿，不祥庆，不祥春，不祥寿，不祥寿，不祥祥，不祥寿，不祥寿，不祥贺，不祥贺，不祥庆，不祥寿，不祥贺，不祥寿，不祥寿，不祥乐，不祥寿，不祥寿，不祥长寿，不祥寿，不祥寿，不祥年，不祥寿，不祥寿，不祥满，不祥寿，不祥寿，不祥活，不祥寿，不祥寿，不祥岁，不祥寿，不祥寿，不祥元，不祥寿，不祥寿，不祥旺，不祥寿，不祥寿，不祥荣，不祥寿，不祥寿，不祥康，不祥寿，不祥寿，不祥兴，不祥寿，不祥寿，不祥运，不祥寿，不祥寿，不祥泰，不祥寿，不祥寿，不祥和，不祥寿，不祥寿，不祥生，不祥寿，不祥寿，不祥富，不祥寿，不祥寿，不祥禄，不祥寿，不祥寿，不祥财，不祥寿，不祥寿，不祥官，不祥寿，不祥寿，不祥贵，不祥寿，不祥寿，不祥仕，不祥寿，不祥寿，不祥位，不祥寿，不祥寿，不祥富贵，不祥寿，不祥寿，不祥保，不祥寿，不祥寿，不祥家，不祥寿，不祥寿，不祥父，不祥寿，不祥寿，不祥子，不祥寿，不祥寿，不祥母，不祥寿，不祥寿，不祥兄，不祥寿，不祥弟，不祥寿，不祥寿，不祥妹，不祥寿，不祥寿，不祥妻，不祥寿，不祥寿，不祥夫，不祥寿，不祥寿，不祥男，不祥寿，不祥女，不祥寿，不祥寿，不祥女，不祥母，不祥寿，不祥女，不祥子，不祥寿，不祥子，不祥母，不祥子，不祥子，不祥妻，不祥子，不祥子，不祥父，不祥父，不祥母，不祥子，不祥父，不祥子，不祥父，不祥母，不祥父，不祥子，不祥母，不祥父，不祥母，不祥母，不祥母，不祥子，不祥母，不祥母，不祥父，不祥父，不祥子，不祥子，不祥母，不祥夫，不祥夫，不祥夫，不祥父，不祥夫，不祥夫，不祥母，不祥父，不祥夫，不祥母，不祥母，不祥妻，不祥母，不祥父，不祥妻，不祥母，不祥夫，不祥妻，不祥母，不祥母，不祥夫，不祥母，不祥妻，不祥夫，不祥父，不祥母，不祥妻，不祥父，不祥母，不祥夫，不祥父，不祥父，不祥夫，不祥父，不祥妻，不祥父，不祥父，不祥父，不祥妻，不祥妻，不祥父，不祥夫，不祥妻，不祥父，不祥妻，不祥夫，不祥夫，不祥妻，不祥夫，不祥妻，不祥妻，不祥夫，不祥母，不祥夫，不祥妇，不祥夫，不祥妻，不祥妇，不祥夫，不祥夫，不祥妇，不祥妻，不祥夫，不祥妇，不祥父，不祥父，不祥亲，不祥父，不祥父，不祥兄，不祥兄，不祥兄，不祥父，不祥兄，不祥父，不祥父，不祥兄弟，不祥兄，不祥兄，不祥弟，不祥兄，不祥兄，不祥兄弟，不祥兄，不祥弟，不祥弟，不祥兄，不祥弟，不祥父，不祥兄，不祥弟，不祥兄弟，不祥兄，不祥父，不祥母，不祥兄，不祥母，不祥父，不祥兄，不祥母，不祥兄，不祥父，不祥妹，不祥兄，不祥兄，不祥妹，不祥兄，不祥弟，不祥母，不祥兄，不祥兄，不祥母，不祥母，不祥兄，不祥妹，不祥母，不祥母，不祥妹，不祥父，不祥兄，不祥夫，不祥兄，不祥父，不祥夫，不祥兄，不祥兄，不祥夫，不祥父，不祥兄，不祥妻，不祥兄，不祥父，不祥友，不祥兄，不祥友，不祥兄，不祥兄，不祥友，不祥友，不祥兄，不祥父，不祥亲，不祥兄，不祥兄，不祥亲，不祥兄，不祥父，不祥妻，不祥兄，不祥兄，不祥妻，不祥父，不祥兄，不祥友，不祥父，不祥兄，不祥亲，不祥父，不祥兄，不祥妹，不祥父，不祥父，不祥弟，不祥兄，不祥父，不祥弟，不祥父，不祥父，不祥友，不祥父，不祥母，不祥亲，不祥父，不祥母，不祥友，不祥父，不祥父，不祥家，不祥父，不祥兄，不祥舅，不祥父，不祥兄，不祥兄弟，不祥父，不祥兄，不祥子，不祥兄，不祥兄，不祥舅，不祥兄，不祥兄，不祥叔，不祥兄，不祥兄，不祥子，不祥父，不祥兄，不祥姐，不祥兄，不祥兄，不祥姐，不祥父，不祥兄，不祥叔，不祥父，不祥兄，不祥嫂，不祥兄，不祥兄，不祥嫂，不祥父，不祥兄，不祥娘，不祥兄，不祥兄，不祥哥，不祥兄，不祥兄，不祥侄，不祥兄，不祥兄，不祥女，不祥兄，不祥兄，不祥伯，不祥兄，不祥兄，不祥婶，不祥兄，不祥兄，不祥婆，不祥兄，不祥兄，不祥娘，不祥父，不祥兄，不祥伯，不祥父，不祥兄，不祥士，不祥兄，不祥兄，不祥士，不祥父，不祥兄，不祥侄，不祥父，不祥兄，不祥甥，不祥兄，不祥兄，不祥,0.0,春节放鞭炮
232,今天过春节我不放鞭炮。鞭炮虽然不是主要污染空气的因素，但短时间集中大量燃放对空气的影响是显而易见的。我觉哒，不能一边抱怨空气质量差，一边主动去做污染空气的事。大家也表个态吧:),0.0,春节放鞭炮
233,在春节期间不放鞭炮，低炭环保过个年，厚德载雾，自强不吸。,0.0,春节放鞭炮
234,春节鞭炮声真的少了，但家人团聚幸福，政府大力提倡节俭过年，群众素质提高，好事!,0.0,春节放鞭炮
235,反对春节放鞭炮。,0.0,春节放鞭炮
236,不放鞭炮，我支持环保，我反对放鞭炮。,0.0,春节放鞭炮
237,不放鞭炮。,0.0,春节放鞭炮
238,反对态度言论: 不放鞭炮是为了环保，不放烟花鞭炮是为了节约资源。,0.0,春节放鞭炮
239,春节燃放烟花是中国传统习俗，应改革，否则今日用活人陪葬。,0.0,春节放鞭炮
240,"""我们应该为减少雾霾做出贡献，而不是放鞭炮。""",0.0,春节放鞭炮
241,熄爆竹守星空，不放鞭炮，不放烟花，环保，绿色环保。,0.0,春节放鞭炮
242,对这种行为的反对态度言论: 抵制鞭炮、纸钱、烟花等垃圾，爱护环境，共建美好家园!,0.0,春节放鞭炮
243,春节不放鞭炮，对空气污染影响明显。安全意识时刻要放在心头。,0.0,春节放鞭炮
244,春节放鞭炮是过节的陋习，我们应该倡导低碳环保的生活方式。,0.0,春节放鞭炮
245,春节放鞭炮的原因是空气污染和百姓嫌贵，过年的传统被颠复和花钱听响不实惠。,0.0,春节放鞭炮
246,春节不放鞭炮是环保的，让环卫工人安心过年，也是爱的传递。,0.0,春节放鞭炮
247,@桂林懒猫青年旅舍客栈：不放鞭炮是环保意识的体现，反对放鞭炮，爱护环境，从我做起。,0.0,春节放鞭炮
248,反对观点：春节放鞭炮，不仅破坏环境，还污染空气，危害身体健康。,0.0,春节放鞭炮
249,卖鞭炮的大爷想卖扫帚，大家买扫帚自己扫。小编认为此法可行，不过考虑到空气质量问题，咱们还是少放点鞭炮吧。,0.0,春节放鞭炮
250,春节放鞭炮是不负责任的，不应该在春节期间放鞭炮，而是应该减少放烟花爆竹。,0.0,春节放鞭炮
251,抵制春节放鞭炮、烧纸，保护大气质量，远离医院，远离医院，远离医院。,0.0,春节放鞭炮
252,我们应该重视春节文化，弘扬传统文化，摒弃陋习，让春节成为一个更加和谐、文明的节日。,0.0,春节放鞭炮
253,放鞭炮不仅污染环境，而且对健康有害，不建议放鞭炮。,0.0,春节放鞭炮
254,春节放鞭炮是中华民族的传统，图的就是喜庆热闹，但现在放炮减少，对环境和空气的影响也更大，因此易风移俗不是难事。,0.0,春节放鞭炮
255,今年春节不放鞭炮了，一低碳环保二怕把楼房震塌@蛮子@李开复,0.0,春节放鞭炮
256,我们应该减少放鞭炮，为治霾做出贡献!,0.0,春节放鞭炮
257,春节不放鞭炮了，高高兴兴过年啦。,0.0,春节放鞭炮
258,"好的传统可以延续，不好的传统应该结束，比如鞭炮，还是全国统一禁止燃放吧。有人非要拿春节必须放鞭炮一说，那过去还非要一男配多女,偷情就处死,基被发现基本烧死,那你们也延续这样的传统好了。",0.0,春节放鞭炮
259,春节放鞭炮是不对的，我们应该减少烟花爆竹的使用，保护我们的环境。,0.0,春节放鞭炮
260,春节放鞭炮是无可厚非的，可是遇上家有小宝宝且对巨响鞭炮声胆小敏感的，却有些苦。几天下来每晚必被吵醒哭的稀里哗啦的小丽丽，实在让妈妈我抓狂，尤其保姆还回家过年。|恼人的鞭炮。厚德载雾，自强不吸。雾霾再次来袭，PM2.5再次爆表!今年春节不放鞭炮了，低炭、环保的过个年。,0.0,春节放鞭炮
261,好的传统可以延续，不好的传统应该结束，比如鞭炮，还是全国统一禁止燃放吧。,0.0,春节放鞭炮
262,放鞭炮太吵了!,0.0,春节放鞭炮
263,不放鞭炮不烧纸，移风易俗过新年。,0.0,春节放鞭炮
264,@小饼叔叔何嘉：春节不放鞭炮，是因为鞭炮产生的有害气体会危害空气质量，所以春节应该放环保烟花。,0.0,春节放鞭炮
265,春节的烟花炮竹不能放太久，否则会污染空气和环境，对身体也不好。,0.0,春节放鞭炮
266,春节放鞭炮对空气污染有负面影响，建议减少鞭炮的投放，减少空气污染。,0.0,春节放鞭炮
267,春节放鞭炮，危害多多!,0.0,春节放鞭炮
268,反对观点：春节不放鞭炮会失去年味儿。,0.0,春节放鞭炮
269,放鞭炮的声音太大了，影响休息和睡眠。,0.0,春节放鞭炮
270,我们应该抵制放鞭炮，提倡低碳环保的生活方式，让春节变成一个健康、祥和的节日。,0.0,春节放鞭炮
271,春节不放鞭炮赶走雾霾天。,0.0,春节放鞭炮
272,对春节不放鞭炮持反对态度的言论。,0.0,春节放鞭炮
273,@新浪大连：春节放鞭炮是挥之不去的情结，专家指出每消耗1吨爆竹会产生300公斤以上灰霾。新浪大连联合@大连公安、大连市环保局发起倡议：春节放鞭炮就到新浪大连放电子鞭吧!2月14日首届#网络烟花爆竹节#邀你共度!,0.0,春节放鞭炮
274,反对春节放鞭炮，不放鞭炮一样有年味儿。为了蓝天和家人健康，让霾远离从自己做起!孝敬老人，多孝敬长辈!支持转发!,0.0,春节放鞭炮
275,春节不放鞭炮，能赶走雾霾天吗？,0.0,春节放鞭炮
276,春节不放鞭炮了。贴春联、粘窗花、挂上一树红灯笼，喜气洋洋过年了。,0.0,春节放鞭炮
277,"""今年春节全市禁鞭,没有了到处乱串的鞭炮,也没有了硫磺的火药味道,出门放心了感觉安全多了,身边的空气也清新了不少,还是不放鞭炮好。晚安。""",0.0,春节放鞭炮
278,今年的春节不放鞭炮，一是环保，二是节约，三是减少火警意外。,0.0,春节放鞭炮
279,放鞭炮虽然带来了欢乐和气氛，但是也带来了污染和危险。春节是传统节日，我们应该尊重传统习俗，而不是过度放鞭炮。,0.0,春节放鞭炮
280,@李乐乐 : 春节不放鞭炮，能减少空气污染吗？,0.0,春节放鞭炮
281,春节放鞭炮是有害的，应该减少放烟花炮竹。,0.0,春节放鞭炮
282,怒江傈僳族新年习俗中禁止放鞭炮，禁止吃红烧鱼。,0.0,春节放鞭炮
283,春节期间不放鞭炮，我们应该从小事做起，减少大气污染，保护我们的环境。,0.0,春节放鞭炮
284,春节放鞭炮，雾霾严重，空气污染严重，呼吁减少鞭炮的使用。,0.0,春节放鞭炮
285,我们每个人都应该尽自己的力量保护环境，不要让烟花鞭炮污染了我们的生活环境。,0.0,春节放鞭炮
286,@陈光标：陈光盘，你这么抠门，你咋不叫陈光芒呢？,0.0,春节放鞭炮
287,春节期间放鞭炮是传统保留节目，寓意驱散不好运气，红红火火迎接新的一年。意大利人也喜欢在新年燃放鞭炮，相信响亮的声音可以带来幸福顺利的一年!,0.0,春节放鞭炮
288,"@日照新力集团老总:我们为治霾做点贡献吧,今年春节就不放鞭炮了!",0.0,春节放鞭炮
289,春节减少或不放鞭炮的反思：春节放鞭炮是民俗，但问题根源在于地球环境脆弱，我们应该重视环保，减少放鞭炮，而不是在春节放鞭炮。,0.0,春节放鞭炮
290,春节不放炮，拒绝空气污染从我做起。,0.0,春节放鞭炮
291,春节不放鞭炮，过环保年!,0.0,春节放鞭炮
292,少放鞭炮让环卫工回家。,0.0,春节放鞭炮
293,春节放鞭炮减少四成，人们认为已经懂得爱护环境。元宵节又炮火连天，是苦中作乐啊!人人都要出门，不要等到阴霾天再怨天尤人啊!反对的，转起ing。,0.0,春节放鞭炮
294,"反对态度言论: 
#我的春节要蓝天# @万家门店承诺春节期间不放开门炮 
#我的春节要蓝天# @万家连锁店承诺春节期间不放开门炮 
#我的节日要蓝天# @万家连锁店承诺春节期间不放鞭炮 
#我的春节要蓝天# @百家连锁店承诺春节期间不放鞭炮 
#我春节要蓝天# @万家连锁店承诺春节期间放鞭炮 
#我的春节要蓝天# 我春节要蓝天 
#我的春节要蓝天# @万家连锁承诺春节期间不放鞭炮 
#我的节日要蓝天# @百家连锁店承诺春节期间不放过鞭炮 
#我的节日要蓝天# 祝福春节 
#我的节日要蓝天# 祝福春节，祝春节快乐! 
#我的节日要蓝天# 祝福春节快乐，祝春节幸福! 
#我的节日要蓝天# 祝福新年快乐，祝新年幸福! 
#我的节日要蓝天# 祝新年快乐，祝新年幸福! 

#我的春节要蓝天# @万家连锁店保证春节期间不放鞭炮 
#我的节日我要蓝天# @万家连锁店保证春节期间不放放鞭炮 
#我的节日要蓝天# 我春节要蓝天，祝新年快乐! 
#我的节日要蓝天# 祝春节快乐，祝新年幸福! 
#我的春节要蓝天# 祝福春节快乐，祝新年幸福! 
#我春节要蓝天# 祝福春节快乐，祝新月快乐! 
#我的节日要蓝天# 祝愿新年快乐，祝新年幸福! 
 #我的节日要蓝天# 祝春节快乐，祝福新年幸福! 
#我的节日要蓝天 祝福春节快乐，祝新年幸福! #我的节日要蓝天 祝福春节快乐，祝春节幸福! 

#我的春节要蓝天# 我春节要蓝天，祝新年幸福! 
#我的节日我要蓝天# 祝新年快乐，祝新年快乐! 
#我的节日我要蓝天# 祝春节快乐，祝新年幸福，祝新年幸福! 
#我的节日要用蓝天，祝新年快乐! 
#我的春节要蓝天，祝新年快乐，祝新年幸福! #我的节日要用蓝天，祝新年快乐，祝新年幸福，祝新年快乐! 
#我的节日要用蓝天，祝新月快乐，祝新月幸福，祝新月幸福，祝新月幸福! 
#我的节日要用蓝天，祝春节快乐，祝新年幸福，祝新月幸福，祝新月幸福，祝福新月幸福，祝新月幸福! 

#我的节日要用蓝天，祝春节快乐，祝福新年快乐，祝新年幸福! #我春节要蓝天，祝新年快乐，祝新月幸福，祝新月幸福! 我春节要蓝天，祝新年快乐，祝新年被幸福，祝新年被幸福! 
#我的节日要用蓝天，祝过年快乐，祝新年幸福，祝新年幸福，祝新年被幸福，祝新年被幸福，祝福新年被幸福，祝新年被幸福，祝新年被幸福! 我春节要蓝天，祝新年快乐!祝新年幸福，祝新年幸福，祝春节快乐! 
#我的节日要用蓝天，祝春节幸福，祝新年幸福，祝新年幸福，祝福新年被幸福，祝新年被幸福! 
 #我的节日要用蓝天，祝春节快乐，祝春节幸福，祝新年幸福，祝春节幸福，祝新年被幸福，祝新年被幸福。 
#我的节日要用蓝天，祝春节快乐。祝新年幸福，祝新年幸福，祝你幸福，祝你幸福，祝你幸福，祝幸福，祝幸福，祝幸福，祝幸福，祝福你幸福，祝幸福，祝幸福，祝幸福。 
#我的节日要用蓝天，祝过年快乐。祝新年快乐，祝新年幸福，祝你幸福，祝幸福，祝幸福。 
#我春节要蓝天，祝过年快乐，祝新年幸福，祝福新年幸福，祝新年幸福，祝新年幸福。 
#我的节日要用蓝天，祝新年幸福，祝新年幸福，愿你幸福，祝幸福，祝幸福，祝幸福! 
#我的节日要用蓝天，祝春天快乐，祝新年幸福，祝新年幸福。祝新年幸福，祝新年幸福，愿新年幸福，祝新年幸福，祝新年由幸福，祝新年幸福，祝新年幸福! 我春节要蓝天，祝新年快乐。祝新年幸福，祝新年幸福。祝你幸福，祝新年幸福，祝你幸福，愿你幸福，祝新年幸福，祝你幸福。 
#我的节日要用蓝天，祝元旦快乐，祝元旦快乐，祝元旦快乐，祝元旦幸福，祝元旦快乐，祝元旦幸福，祝新年幸福，祝新年幸福祝你幸福，祝新年幸福，祝新年幸福愿你幸福，祝新年幸福，祝新年快乐，祝你幸福，祝新年幸福，祝新年被幸福。 
#我的春节要用蓝天，祝元旦快乐，祝元旦快乐，祝福新年幸福，祝你幸福，祝你幸福。祝新年幸福，祝你幸福，祝新年幸福，祝你新年幸福，祝你新年幸福，祝新年幸福。 
我春节要蓝天，祝春节快乐，祝新年幸福，祝福新年幸福。祝新年幸福，祝新年被幸福，祝你幸福，祝你幸福，祝新年幸福，祝福新年幸福。 
我春节要蓝天，祝福新年幸福，祝新年幸福，祝福新年幸福，祝福新年幸福，祝你幸福，祝新年快乐，祝你幸福，祝福新年幸福，祝你幸福，祝福新年幸福，祝新年幸福。 

#我的节日要用蓝天，祝元旦快乐，祝福新年幸福，祝新年幸福，祝愿新年幸福，祝你幸福，祝你幸福!祝新年幸福，祝新年幸福，祝福你幸福，祝你幸福，祝你幸福，祝福你幸福，祝你幸福，祝新年幸福。 
#我的春节要用蓝天，祝春节快乐，祝元旦快乐，祝福新年幸福，祝福你幸福，祝你幸福。祝你幸福，祝你幸福，祝你幸福。祝你幸福，祝福你幸福，祝你幸福。祝新年幸福。祝你幸福，祝你幸福，祝新年快乐。祝你幸福，祝你幸福，祝你新年幸福，祝你幸福，祝你幸福祝你幸福，祝你幸福祝你幸福。祝你幸福祝你幸福祝你幸福祝你幸福祝你新年幸福祝你幸福祝你幸福祝你幸福祝您幸福祝你幸福祝你幸福祝你幸福祝祝你幸福祝你幸福祝你幸福祝你健康祝你幸福祝你幸福祝你幸福祝你好运祝你幸福祝你幸福祝你幸福祝你快乐祝你幸福祝你幸福祝你幸福祝你幸福的祝你幸福祝你幸福祝你幸福祝你长寿祝你幸福祝你幸福祝你幸福祝你福祝你幸福祝你幸福祝你幸福祝你聪明祝你幸福祝你幸福祝你幸福祝你平安祝你幸福祝你幸福祝你幸福祝你安全祝你幸福祝你幸福祝你幸福祝你祥祥祝你幸福祝你幸福祝你幸福祝你幸运祝你幸福祝你幸福祝你幸福祝你吉祥祝你幸福祝你幸福祝你幸福祝你高兴祝你幸福祝你幸福祝你幸福祝你轻松祝你幸福祝你幸福祝你幸福祝你开心祝你幸福祝你幸福祝你幸福祝你欢乐祝你幸福祝你幸福祝你幸福祝你安康祝你幸福祝你幸福祝你幸福祝你成功祝你幸福祝你幸福祝你幸福祝你如意祝你幸福祝你幸福祝你幸福祝你美好祝你幸福祝你幸福祝你幸福祝你一生幸福祝你幸福祝你幸福祝你幸福祝你最幸福祝你幸福祝你幸福祝你幸福祝恭喜祝你幸福祝你幸福祝你幸福祝你发达祝你幸福祝你幸福祝你幸福祝你一切幸福祝你幸福祝你幸福祝你幸福祝你们幸福祝你幸福祝你幸福祝你幸福祝你能幸福祝你幸福祝你幸福祝你幸福祝你的幸福祝你幸福祝你幸福祝你幸福祝你不幸福祝你幸福祝你幸福祝你幸福祝你在幸福祝你幸福祝你幸福祝你幸福祝你想幸福祝你幸福祝你幸福祝你幸福祝你自己幸福祝你幸福祝你幸福祝你幸福祝他幸福祝你幸福祝你幸福祝你幸福祝求祝你幸福祝你幸福祝你幸福祝你祝福祝你幸福祝你幸福祝你幸福祝你身体健康祝你幸福祝你幸福祝你幸福祝你全家幸福祝你幸福祝你幸福祝你幸福祝你喜欢幸福祝你幸福祝你幸福祝你幸福祝你也幸福祝你幸福祝你幸福祝你幸福祝你会幸福祝你幸福祝你幸福祝你幸福祝她幸福祝你幸福祝你幸福祝你幸福祝别人幸福祝你幸福祝你幸福祝你幸福祝你要幸福祝你幸福祝你幸福祝你幸福祝大家幸福祝你",0.0,春节放鞭炮
295,过一个节俭、文明的春节!,0.0,春节放鞭炮
296,春节欢庆燃放鞭炮，不仅污染环境，还影响身体健康。,0.0,春节放鞭炮
297,"""春节放鞭炮影响空气质量，我们应该少放鞭炮，让环卫工回家。""",0.0,春节放鞭炮
298,不放鞭炮，有利于环保，节约春节开消，减少火警事故。,0.0,春节放鞭炮
299,春节放鞭炮是不对的，应该多放点烟花，减少空气污染。,0.0,春节放鞭炮
300,春节是中国最具特色的传统节日，在传统习俗上有着悠久的历史和传统，因此春节习俗也是丰富多彩的。不过，在环保方面，我们需要考虑到减少对空气污染的负担，同时还要注重环保，这样春节才会更有意义和美好。,1.0,春节放鞭炮
301,春节放鞭炮，今年放吗？,1.0,春节放鞭炮
302,@平安成都 @成都环保 提问：#今年春节你放鞭炮吗# 不放鞭炮就没有年味儿了，能不能开发一种电子鞭炮，又不污染空气，又不失年味......,1.0,春节放鞭炮
303,春节放鞭炮对环境影响很大，对健康也有很大危害。建议减少鞭炮的使用，保护环境。,1.0,春节放鞭炮
304,春节是中国最富有特色的传统节日，春节是我国全年最重要的一个节日，习俗多种多样，但市民放鞭炮减少，烟花公司批发量减少一半。,1.0,春节放鞭炮
305,春节放鞭炮对空气污染的减少，对空气质量的改善，都起到一定的作用，我们应该在春节期间减少放鞭炮，减少空气污染。同时，我们也要从自身做起，加强环保意识，爱护我们的环境。,1.0,春节放鞭炮
306,"春节放鞭炮会增加污染吗？
春节放鞭炮会增加污染吗？
春节长假肌肤护理，春节长假肌肤护理",1.0,春节放鞭炮
307,春节燃放烟花爆竹的环保问题日益严重，我们呼吁大家能够从自身做起，减少燃放烟花爆竹。,1.0,春节放鞭炮
308,春节放鞭炮是中华民族的传统习俗，但在空气污染日益严重的今天，我们应该在环保意识普及的前提下，提倡禁放鞭炮，而不是一味的放鞭炮。,1.0,春节放鞭炮
309,中立态度: 对春节放鞭炮的禁令是为了保护环境和人类健康，我们应该尊重自然，爱护地球。,1.0,春节放鞭炮
310,春节习俗是一种文化传承，体现了古代中国人的思维方式，我们应该尊重传统文化，遵守社会公德，尊重自然规律，避免不必要的浪费和污染。,1.0,春节放鞭炮
311,春节该不该放鞭炮？从中医角度看应该放，因为雾霭形成是湿气加工业污染毒素，而火正是湿气克星，所以去年放鞭炮后几天北京天空晴朗，从宗教角度，净空法师2012年曾担心炸伤其他维次众生而反对。,1.0,春节放鞭炮
312,春节是一个美好的一天，家人和朋友聚在一起，看春节联欢晚会，放鞭炮，但长期熬夜、吃油腻食物、疲劳、娱乐和旅游等都会影响皮肤的健康和美丽。,1.0,春节放鞭炮
313,春节燃放烟花爆竹是春节风俗，应该尊重传统文化和环境，避免污染和破坏，促进人与自然和谐相处。,1.0,春节放鞭炮
314,今年的春节鞭炮燃放量下降，而传统鞭炮和电子鞭炮的使用更加普遍，放鞭炮环保的观念也逐渐深入人心。,1.0,春节放鞭炮
315,中立观点：春节放鞭炮是中国传统文化的一部分，不能因噎废食。请尊重传统文化，遵守法律规定。,1.0,春节放鞭炮
316,在选择燃放鞭炮还是不燃放鞭炮的情况下，您会怎么做呢？我们栏目微博会给出建议。,1.0,春节放鞭炮
317,春节放鞭炮是文明的，但放鞭炮一定要控制好火源，不要把鞭炮点燃，以免引起火灾。,1.0,春节放鞭炮
318,春节习俗并非铁板一块，春节习俗并非铁板一块。,1.0,春节放鞭炮
319,中立态度言论: 你如何看待中国传统佳节放鞭炮的习俗？,1.0,春节放鞭炮
320,发发发发发。,1.0,春节放鞭炮
321,春节放鞭炮是传统庆祝方式，但鞭炮炸车事故时有发生，建议车主谨慎处理。,1.0,春节放鞭炮
322,春节是汉民族最重要的传统节日，在春节期间，人们会放鞭炮、贴春联、给压岁钱等。,1.0,春节放鞭炮
323,放鞭炮是中国传统文化的重要组成部分，但放鞭炮也会增加空气污染，建议禁止。,1.0,春节放鞭炮
324,元宵节是春节之后的元宵佳节，元宵节传统民俗丰富多彩，值得感受。,1.0,春节放鞭炮
325,春节放鞭炮是中国传统文化中重要的传统节日，但儿童缺乏自我保护能力，被鞭炮炸伤的风险较高。对此，保险公司推出“鞭炮险”，以保障儿童的安全。,1.0,春节放鞭炮
326,春节放鞭炮好不好，就那么几天。你爱就好好过瘾，你烦就忍几天。毕竟就那么几天。有那口舌应该讨论讨论那长年累月无休无止萦绕在我们耳边的汽车喇叭声、电摩警报声、野蛮人永远改不了的随地吐痰、乱扔垃圾陋习、文明人的爱犬的随地狗屎......,1.0,春节放鞭炮
327,在春节期间，市环境监测站对空气质量进行了监测，结果表明市区空气质量整体良好。,1.0,春节放鞭炮
328,春节放鞭炮是过年风俗，应该提倡环保。,1.0,春节放鞭炮
329,春节期间放鞭炮，应该更加环保、文明，而不是过度燃放。,1.0,春节放鞭炮
330,春节放鞭炮能否悠着点？,1.0,春节放鞭炮
331,春节放鞭炮的必要性已经得到广泛认可，但对于春节期间燃放烟花爆竹是否有必要，还需进一步研究。,1.0,春节放鞭炮
332,春节放鞭炮是中华民族的传统习俗，但是近年来雾霾污染和环保意识普及，越来越多的人提倡禁放鞭炮。大连烟花节取消，呼吁春节不放鞭炮，但这些烟花爆竹不合格，存在引燃时间、引燃装置和燃放缺陷等问题，存在较大风险。重庆日报记者吴刚报道。,1.0,春节放鞭炮
333,"春节春节俗称过年，原名元旦，是汉民族最重要最盛大的传统节日，主要的民俗活动有拜年,守岁,放鞭炮,贴春联,给压岁钱。隋代杜台卿在《五烛宝典》中说:“正月为端月，其一日为元日，亦云正朝,|春 &n...",1.0,春节放鞭炮
334,中立态度言论：春节放鞭炮的市民明显减少，烟花公司批发量减少一半，鞭炮险的出现，是出于保护孩子安全考虑。,1.0,春节放鞭炮
335,春节放鞭炮，支持不支持？,1.0,春节放鞭炮
336,春节期间，案件可能性增加，烟花放得不当，节日安全埋下隐患。愿大家平安祥和，过一个美好的春节。,1.0,春节放鞭炮
337,放鞭炮会影响儿童健康，需要采取预防措施。,1.0,春节放鞭炮
338,春节放鞭炮喜庆与环保相悖，放不放？,1.0,春节放鞭炮
339,放鞭炮是春节的传统习俗，但是燃放时释放的烟尘火星容易造成环境污染和火灾，而且大部分都是孩子。随着人们文明进步，春节放鞭炮习俗引起各界广泛争议，但我们应该尊重传统文化，并采取相应的措施来减少环境污染和火灾的发生。,1.0,春节放鞭炮
340,春节是中国最富有特色的传统节日，春节习俗多种多样，不同时期、不同地区、不同民族习俗不同，请大家尊重不同文化和习俗，共同庆祝新年。,1.0,春节放鞭炮
341,春节放鞭炮是传统习俗，但随着环保意识的增强，越来越多的城市开始呼吁减少烟花爆竹的使用，而人们更关注环保问题。我们应该尊重传统习俗，并努力实现绿色环保。,1.0,春节放鞭炮
342,@扬子晚报：蛇年春节，人们掀起了过年的新风尚。一起来看看今年的热词有哪些？,1.0,春节放鞭炮
343,中立态度言论: 春节放鞭炮是传统文化习俗，但面对PM2.5等大气污染，不应该禁止或强制禁止。,1.0,春节放鞭炮
344,@哈尔滨环保 的问题回答：放鞭炮和雾霾之间没有任何必然联系。,1.0,春节放鞭炮
345,春节放鞭炮的历史源远流长，但是现在受到雾霾天气的影响，人们开始理性思考春节期间是否应该燃放烟花爆竹。海口环保局官网显示，春节期间燃放烟花爆竹应遵守相关规定。,1.0,春节放鞭炮
346,春节习俗与禁忌，春节放鞭炮与PM2.5爆表，春节放鞭炮与烟花爆竹伤人事件频发，春节放鞭炮是否合理？,1.0,春节放鞭炮
347,从春节习俗看古代中国人思维方式：顺应规律,1.0,春节放鞭炮
348,中立态度言论：春节习俗与禁忌，春节习俗与禁忌，春节习俗与禁忌，春节风俗与禁忌，春节习俗与禁忌，春节习俗与习俗，春节习俗与禁忌，春节习俗与禁忌，过年习俗与禁忌，过年习俗与禁忌，过年习俗与环境，过年习俗与禁忌，过年习俗与环境，过年风俗与环境，过年习俗与环境，过年习俗与环境，过年习俗与环境，过年风俗与环境，过年习俗与社会，过年习俗与社会，过年习俗与社会，过年习俗与环境，过年习俗与社会，过年习俗与环境，过年习俗与环境，过年习俗与社会，过年习俗与社会，过年风俗与社会，过年习俗与社会，过年习俗与社会，过年风俗与环境，过年习俗与社会，过年习俗与环境，过年风俗与社会，过年习俗与环境，过年习俗与环境，过年风俗与社会，过年习俗与社会，过年习俗与环境，过年风俗与环境，过年习俗与管理，过年习俗与环境，过年习俗与环境，过年习俗与管理，过年习俗与环境，过年风俗与环境，过年习俗与实践，过年习俗与环境，过年习俗与环境，过年习俗与实践，过年习俗与环境，过年风俗与环境，过年习俗与禁忌，过年习俗与环境，春节习俗与环境，过年习俗与环境，过年习俗与环境，春节习俗与环境，过年习俗与社会，过年习俗与环境，春节习俗与环境，过年习俗与管理，过年习俗与环境，春节习俗与环境，过年习俗与实践，过年习俗与环境，春节习俗与环境，过年习俗与发展，过年习俗与环境，过年习俗与环境，过年习俗与发展，过年习俗与环境，春节习俗与环境，过年习俗与禁忌，过年习俗与环境。,1.0,春节放鞭炮
349,放鞭炮是我国春节的习俗，但燃放时释放的烟尘火星容易造成环境污染，引起火灾，伤者大部分是孩子。随着人们文明进步，春节放鞭炮习俗引起各界广泛争议。今天来聊一聊春节放鞭炮的事，您认为到底该不该用烟花爆竹庆贺新年的来临，您赞同或不赞同的原因有哪些，欢迎互动。,1.0,春节放鞭炮
350,春节是中国最富有特色的传统节日，春节标志农历旧的一年结束，新的一年已经开始。春节习俗多种多样，有贴春联、放鞭炮、敲锣打鼓等。不同时期、不同地区、不同民族的习俗不同。,1.0,春节放鞭炮
351,&n...春节。”春节是汉族最重要的传统节日，也是中华民族重要的节日。春节是中华民族的节日，也是中华民族传统文化的重要组成部分。春节的风俗习惯、礼仪礼仪、节日文化等方面都蕴含着深厚的文化内涵和历史积淀。春节是中华民族最重要的节日，也是中华民族的文化瑰宝。春节不仅是一种文化和民俗，更是中华民族的精神寄托，是中华民族的凝聚力和凝聚力的象征。春节是中华民族的节日，也是中华民族的传统文化。春节，象征着吉祥如意、吉祥如意、吉祥如意。春节是中华民族的节日，也是中华民族的文化瑰宝。春节是中华民族的节日，也是中华民族的精神寄托。春节是中华民族的文化瑰宝。春节是中华民族的精神寄托。春节是中华民族的精神寄托。春节是中华民族的节日，也是中华民族的文化瑰宝，是中华民族的凝聚力和凝聚力的象征。春节是中华文化的重要内容。春节是中华民族的节日，也是中华民族的文化瑰宝和精神寄托。春节是中华民族的精神寄托。春节是中华民族的精神象征。春节是中华民族的精神象征。春节是中华民族的精神寄托。春节是中华民族的精神载体。春节是中华民族的精神寄托。春节是中华民族的精神体现。春节是中华民族的精神寄托。春节是中华民族的精神表现。春节是中华民族的精神寄托。春节是中华民族的精神表达。春节是中华民族的精神象征。春节是中华民族的精神体现。春节是中华民族的精神象征。春节是中华民族的精神表现。春节是中华民族的精神象征。春节是中华民族的精神凝聚。春节是中华民族的精神寄托。春节是中华民族的精神凝聚。春节是中华民族的精神象征。春节是中华民族的精神载体。春节是中华民族的精神象征。春节是中华民族的精神表达。春节是中华民族的精神寄托。春节是中华民族的精神启示。春节是中华民族的精神象征。春节是中华民族的精神启示。春节是中华民族的精神寄托。春节是中华民族的精神形式。春节是中华民族的精神象征。春节是中华民族的精神传承。春节是中华民族的精神象征。春节是中华民族的精神继承。春节是中华民族的精神继承。春节是中华民族的精神表现。春节是中华民族的精神表现。春节是中华民族的精神继承。春节是中华民族的精神传承。春节是中华民族的精神表现。春节是中华民族的精神传承。春节是中华民族的精神继承。春节是中华民族的精神象征。春节是中华民族的精神形式。春节是中华民族的精神继承。春节是中华民族的精神体现。春节是中华民族的精神传承。春节是中华民族的精神体现。春节是中华民族的精神继承。春节是中华民族的精神表达。春节是中华民族的精神表现。春节是中华民族的精神体现。春节是中华民族的精神表现。春节是中华民族的精神表达。春节是中华民族的精神继承。春节是中华民族的精神载体。春节是中华民族的精神传承。春节是中华民族的精神传承。春节是中华民族的精神表达。春节是中华民族的精神传承。春节是中华民族的精神延续。春节是中华民族的精神继承。春节是中华民族的精神承载。春节是中华民族的精神继承。春节是中华民族的精神延续。春节是中华民族的精神传承。春节是中华民族的精神载体。春节是中华民族的精神继承。春节是中华民族的精神形式。春节是中华民族的精神传承。春节是中华民族的精神形式。春节是中华民族的精神表现。春节是中华民族的精神承传。春节是中华民族的精神承传。春节是中华民族的象征。春节是中华民族的精神象征。春节是中华民族的精神承传。春节是中华民族的形象。春节是中华民族的精神象征。春节是中华民族的精神代表。春节是中华民族的精神象征。春节是中华民族的精神承载。春节是中华民族的精神传承。春节是中华民族的精神承传。春节是中华民族的传承。春节是中华民族的精神象征。春节是中华民族的象征。春节是中华民族的精神传承。春节是中华民族的精神承载。春节是中华民族的精神象征。春节是中华民族的精神体验。春节是中华民族的精神象征。春节是中华民族的精神内涵。春节是中华民族的精神表现。春节是中华民族的精神体验。春节是中华民族的精神表现。春节是中华民族的精神感受。春节是中华民族的精神表现。春节是中华民族的精神启示。春节是中华民族的精神表现。春节是中华民族的精神境界。春节是中华民族的精神表达。春节是中华民族的精神升华。春节是中华民族的精神体现。春节是中华民族的精神体现。春节是中华民族的精神状态。春节是中华民族的精神象征。春节是中华民族的精神意义。春节是中华民族的精神象征。春节是中华民族的精神表现形式。春节是中华民族的精神象征。春节是中华民族的精神形象。春节是中华民族的精神象征。春节是中华民族的精神意识。春节是中华民族的精神表现。春节是中华民族的精神形态。春节是中华民族的精神象征。春节是中华民族的精神形态。春节是中华民族的精神表现。春节是中华民族的精神意义。春节是中华民族的精神表现。春节是中华民族的精神标志。春节是中华民族的精神象征。春节是中华民族的精神标志。春节是中华民族的精神表现。春节是中华民族的精神意象。春节是中华民族的精神象征。春节是中华民族的精神意象。春节是中华民族的精神体现。春节是中华民族的精神形态。春节是中华民族的精神表达。春节是中华民族的精神表达。春节是中华民族的精神形式。春节是中华民族的精神体现。春节是中华民族的精神形式。春节是中华民族的精神表达。春节是中华民族的精神表现形式。春节是中华民族的精神表现。春节是中华民族的精神状态。春节是中华民族的精神表现。春节是中华民族的精神内容。春节是中华民族的精神形式。春节是中华民族的精神形式。春节是中华民族的精神形态。春节是中华民族的精神体现。春节是中华民族的精神意象。春节是中华民族的精神意象。春节是中华民族的精神表达。春节是中华民族的精神意象。春节是中华民族的精神表现。春节是中华民族的精神形式。春节是中华民族的精神意象。春节是中华民族的精神形式。春节是中华民族的精神状态。春节是中华民族的精神体现。春节是中华民族的精神面貌。春节是中华民族的精神表现。春节是中华民族的精神表现形式。春节是中华民族的精神状态。春节是中华民族的精神形式。春节是中华民族的精神表现形式。春节是中华民族的精神形式。春节是中华民族的精神载体。春节是中华民族的精神形式。春节是中华民族的精神样式。春节是中华民族的精神形式。春节是中华民族的精神面貌。春节是中华民族的精神形式。春节是中华民族的精神概括。春节是中华民族的精神形式。春节是中华民族的精神标志。春节是中华民族的精神形式。春节是中华民族的精神表示。春节是中华民族的精神表现。春节是中华民族的精神样式。春节是中华民族的精神表达。春节是中华民族的精神形态。春节是中华民族的精神表现形式。春节是中华民族的精神表达。春节是中华民族的精神状态。春节是中华民族的精神状态。春节是中华民族的精神形态。春节是中华民族的精神形式。春节是中华民族的精神内涵。春节是中华民族的精神表现形式。春节是中华民族的精神意象。春节是中华民族的精神形态。春节是中华民族的精神意象。春节是中华民族的精神状态。春节是中华民族的精神表达。春节是中华民族的精神体现。春节是中华民族的精神表达。春节是中华民族的精神境界。春节是中华民族的精神表现。春节是中华民族的精神意识。春节是中华民族的精神表现形式。春节是中华民族的精神形态。春节是中华民族的精神状态。春节是中华民族的精神面貌。春节是中华民族的精神状态。春节是中华民族的精神境界。春节是中华民族的精神形式。春节是中华民族的精神表现出。春节是中华民族的精神状态。春节是中华民族的精神表现形式。春节是中华民族的精神体验。春节是中华民族的精神形式。春节是中华民族的精神现象。春节是中华民族的精神表达。春节是中华民族的精神标志。春节是中华民族的精神形态。春节是中华民族的精神境界。春节是中华民族的精神状态。春节是中华民族的精神样式。春节是中华民族的精神表现。春节是中华民族的精神精神。春节是中华民族的精神状态。春节是中华民族的精神实质。春节是中华民族的精神形态。春节是中华民族的精神形态。春节是中华民族的精神实质。春节是中华民族的精神表现。春节是中华民族的精神面貌。春节是中华民族的精神表现形式。春节是中华民族的精神形象。春节是中华民族的精神形态。春节是中华民族的精神标志。春节是中华民族的精神状态。春节是中华民族的精神元素。春节是中华民族的精神形式。春节是中华民族的精神形象。春节是中华民族的精神表现。春节是中华民族的精神形象。春节是中华民族的精神状态。春节是中华民族的精神意义。春节是中华民族的精神形式。春节是中华民族的精神行为。春节是中华民族的精神表现。春节是中华民族的精神载体。春节是中华民族的精神形态。春节是中华民族的精神内容。春节是中华民族的精神表达。春节是中华民族的精神精神。春节是中华民族的精神表现。春节是中华民族的精神显示。春节是中华民族的精神象征。春节是中华民族的精神状态。春节是中华民族的精神形象。春节是中华民族的精神形式。春节是中华民族的精神境界。春节是中华民族的精神意象。春节是中华民族的精神内容。春节是中华民族的精神表现形式。春节是中华民族的精神内涵。春节是中华民族的精神象征。春节是中华民族的精神境界。春节是中华民族的精神象征。春节是中华民族的精神概括。春节是中华民族的精神表现。春节是中华民族的精神体魄。春节是中华民族的精神表现。春节是中华民族的精神成就。春节是中华民族的精神表现。春节是中华民族的精神本质。春节是中华民族的精神境界。春节是中华民族的精神标志。春节是中华民族的精神形象。春节是中华民族的精神品质。春节是中华民族的精神表现。春节是中华民族的精神品质。春节是中华民族的精神境界。春节是中华民族的精神形态。春节是中华民族的精神意义。春节是中华民族的精神形态。春节是中华民族的精神品质。春节是中华民族的精神体现。春节是中华民族的精神形象。春节是中华民族的精神表现形式。春节是中华民族的精神境界。春节是中华民族的精神面貌。春节是中华民族的精神象征。春节是中华民族的精神气质。春节是中华民族的精神形态。春节是中华民族的精神精神。春节是中华民族的精神象征。春节是中华民族的精神风貌。春节是中华民族的精神表现。春节是中华民族的精神气质。春节是中华民族的精神表现。春节是中华民族的精神风貌。春节是中华民族的精神形态。春节是中华民族的精神样式。春节是中华民族的精神形态。春节是中华民族的精神面貌。春节是中华民族的精神体现。春节是中华民族的精神境界。春节是中华民族的精神境界。春节是中华民族的精神体现。春节是中华民族的精神品质。春节是中华民族的精神象征。春节是中华民族的精神品质。春节是中华民族的精神状态。春节是中华民族的精神本质。春节是中华民族的精神表现。春节是中华民族的精神内涵。春节是中华民族的精神状态。春节是中华民族的精神的表现。春节是中华民族的精神象征。春节是中华民族的精神精神。春节是中华民族的精神面貌。春节是中华民族的精神风貌。春节是中华民族,1.0,春节放鞭炮
352,@知乎：春节放鞭炮会影响环卫工人的工作，大家不要放鞭炮吧。,1.0,春节放鞭炮
353,春节放鞭炮被微信红包取代，让春节气氛更加淡薄。,1.0,春节放鞭炮
354,春节放鞭炮，环保过年。,1.0,春节放鞭炮
355,"春节俗称过年,原名元旦,是汉民族最重要最盛大的传统节日,主要的民俗活动有拜年,守岁,放鞭炮,贴春联,给压岁钱。",1.0,春节放鞭炮
356,春节是中国最富有特色传统节日，象征着农历旧年结束，新年开始。春节的习俗多种多样，有贴春联、放鞭炮、敲锣打鼓、吃饺子、给压岁钱等。不同时期、不同地区、不同民族的习俗不尽相同。成都1950年春节出奇安静，市民们认为放鞭炮属于传统迷信。,1.0,春节放鞭炮
357,春节放鞭炮，你支持么？,1.0,春节放鞭炮
358,春节放鞭炮不仅污染环境，还对空气污染物排放造成压力，因此，我们应该在放鞭炮时考虑环保问题，减少燃放烟花爆竹。,1.0,春节放鞭炮
359,春节是中国传统节日，放鞭炮、看春晚、吃年夜饭是欢度春节的方式，但随着时代变迁，人们的生活方式也在变化，旅游、聚会、打麻将等等。因此，春节放鞭炮是否会变成冷寂？中立态度。,1.0,春节放鞭炮
360,春节放鞭炮被认为是陋习，我们应该摒弃还是守护？,1.0,春节放鞭炮
361,今年春节，烟花爆竹是否会消失？,1.0,春节放鞭炮
362,春节放鞭炮，支持还是反对？,1.0,春节放鞭炮
363,春节来了，你愿意少放鞭炮吗？,1.0,春节放鞭炮
364,春节放鞭炮是好事，但也有恶习，比如随地吐痰、乱扔垃圾、随地狗屎，我们应该一起呼吁，共同维护环保和公共卫生。,1.0,春节放鞭炮
365,春节习俗与禁忌，唯美音乐短片58集，春节习俗与禁忌，春节习俗与禁忌，春节习俗与禁忌，新年放鞭炮有限制，春节习俗与禁忌，春节习俗与禁忌，大年初一到初十影响运势的禁忌，春节习俗与禁忌，春节习俗与禁忌。,1.0,春节放鞭炮
366,春节放鞭炮，环保要从身边做起。,1.0,春节放鞭炮
367,"春节放鞭炮是传统习俗，但在一些地区空气污染严重，且每年春节期间烟花爆竹伤人事件频发，很多人开始倡议春节期间不要放鞭炮。春节放鞭炮你支持或反对？http://t.cn/RbeEcFD
今年春节你放鞭炮吗#春节不放鞭炮就没有年味儿了，能不能开发一种电子鞭炮，既不污染空气，又不失年味......http://t.cn/8Ftp4sE",1.0,春节放鞭炮
368,春节放鞭炮，我不赞成也不反对。虽然有污染，但是传统不可能说抛就抛。但放鞭炮是传统习俗，需要理性对待。如果保护环境，不如放鞭炮。,1.0,春节放鞭炮
369,春节放鞭炮的风俗已经消失，这让许多人感到很遗憾。,1.0,春节放鞭炮
370,"春节春节俗称过年，原名元旦，是汉民族最重要最盛大的传统节日，主要的民俗活动有拜年,守岁,放鞭炮,贴春联,给压岁钱。隋代杜台卿在《五烛宝典》中说:“正月为端月,其一日为元日,亦云正朝,|春 &nbs;",1.0,春节放鞭炮
371,春节是中国传统的节日，虽然放鞭炮、看春晚、吃年夜饭等传统方式庆祝春节，但现在人们越来越追求多元化的庆祝方式，比如旅游、聚会、打麻将等等。春节的庆祝方式应该更加多元化，而不是单一的单一形式。,1.0,春节放鞭炮
372,春节放鞭炮是传统习俗，但放鞭炮需要遵守相关规定，如禁止燃放烟花爆竹等，应该尊重传统文化。,1.0,春节放鞭炮
373,中立态度言论：蛇年春节长假热词盘点，爱环保不放鞭炮，爱光盘拒绝剩宴，蛇年春节人们掀起了过年的新风尚。CNN总结中国春节11大现象，不迷信财富和运气租男友回家，不放鞭炮驱逐怪兽，穿红内衣吃各种甜食，自己电影类型贺岁片，春节习俗并非铁板一块。纽约帝国大厦亮灯与全球华人同贺新春。,1.0,春节放鞭炮
374,春节放鞭炮是中国传统节日庆祝方式，但燃放时释放的烟尘火星等有害物质对环境造成污染，而且火灾等事故造成巨大伤亡，因此建议大家不要放鞭炮庆祝新年。,1.0,春节放鞭炮
375,市民们认为放鞭炮可能属于传统迷信，因此成都1950年春节出奇安静。,1.0,春节放鞭炮
376,春节放鞭炮是中国传统文化的一部分，我们应该尊重传统，减少鞭炮的产生，同时我们也要关注环保问题，减少对环境的污染。,1.0,春节放鞭炮
377,大人要陪着孩子，放鞭炮时要注意安全。,1.0,春节放鞭炮
378,"春节放鞭炮是我国春节的习俗，但在燃放时释放的烟尘火星容易造成环境污染，引起火灾，伤者大部分是孩子。随着人们文明进步，春节放鞭炮习俗引起各界广泛争议。今天来聊一聊春节放鞭炮的事，您认为到底该不该用烟花爆竹庆贺新年的来临,您赞同或不赞同的原因有哪些,欢迎互动。",1.0,春节放鞭炮
379,春节习俗是中国传统文化的重要组成部分，春节习俗体现了中国历史文化的传承和发扬。春节习俗是一种文化传统，也是中华文化的重要载体之一，是中华民族传统文化的重要组成部分。春节习俗应该传承和发扬，而不是简单地模仿和模仿。,1.0,春节放鞭炮
380,今年鞭炮还放吗？,1.0,春节放鞭炮
381,春节放鞭炮能否悠着点？,1.0,春节放鞭炮
382,放鞭炮的减少，预示着空气质量的好转，虽然在春节期间放鞭炮的减少，但我们应该意识到，放鞭炮的减少，并不能真正改善空气质量。在放鞭炮时，我们应该尽可能减少对宠物的干扰，例如在放鞭炮时，可以为宠物戴上耳塞或者戴上耳罩。,1.0,春节放鞭炮
383,放鞭炮是春节的传统习俗，但我们也应该意识到它所带来的负面影响。我们应该关注环保，减少放鞭炮的次数，并采取措施减少污染。,1.0,春节放鞭炮
384,春节7天长假已经结束，但很多人感觉放鞭炮少了，但空气质量还不错。你愿意少放鞭炮吗？,1.0,春节放鞭炮
385,在春节放鞭炮和不放鞭炮之间，我们需要做出选择，选择哪个更环保，更符合社会风气。,1.0,春节放鞭炮
386,春节放鞭炮，大人大人要注意安全!,1.0,春节放鞭炮
387,春节是中国传统的节日，人们以各种方式庆祝春节。春节期间放鞭炮、看春晚、吃年夜饭是传统方式，随着时代的变迁，人们的生活方式也发生了变化，旅游、聚会、打麻将等等。春节庆祝方式也在不断地演变。作为听众，我们应该理性看待春节庆祝方式的变化，提倡文明、健康的春节庆祝方式。,1.0,春节放鞭炮
388,新年放鞭炮有限制 2月18至3月5日请在指定的时间地点放鞭炮,1.0,春节放鞭炮
389,从春节习俗看古代中国人思维方式:顺应规律。,1.0,春节放鞭炮
390,春节习俗并非铁板一块。,1.0,春节放鞭炮
391,春节习俗并非铁板一块。,1.0,春节放鞭炮
392,"春节春节俗称过年，原名元旦，是汉民族最重要最盛大的传统节日，主要的民俗活动有拜年，守岁，放鞭炮，贴春联，给压岁钱。隋代杜台卿在《五烛宝典》中说:“正月为端月,其一日为元日,亦云正朝,|春 &nbs;,春节为正月的开始，是一年中最重要的节日。”",1.0,春节放鞭炮
393,我们应该少放鞭炮，减少空气污染，保护地球。,1.0,春节放鞭炮
394,中立态度：春节放鞭炮要注意，但是不要放鞭炮炸伤车辆。,1.0,春节放鞭炮
395,中立态度言论：元宵节、逛庙会、猜灯谜、观花灯、放鞭炮、扭秧歌、跑旱船、锣鼓喧天真热闹，春节之后的第一个重要节日，元宵节是春节之后的第一个重要节日。,1.0,春节放鞭炮
396,不放鞭炮怎么过出年味，你有啥好点子?,1.0,春节放鞭炮
397,春节该不该放鞭炮？,1.0,春节放鞭炮
398,春节放鞭炮受雾霾影响，我们应该理性思考是否需要放鞭炮，但请尊重他人的生命安全和财产安全。,1.0,春节放鞭炮
399,放鞭炮是否文明过年，要看家庭实际考虑，不可一刀切。,1.0,春节放鞭炮
400,春节放鞭炮是否需要合理考虑，而不是为了环保而放，应该遵守法律法规。,1.0,春节放鞭炮
401,中立态度言论：春节放鞭炮是传统庆祝方式，但要注意安全。,1.0,春节放鞭炮
402,春节放鞭炮确实会增加空气污染，但火不是污染物的克星，所以应当放。,1.0,春节放鞭炮
403,春节放鞭炮是传统的习俗，但也存在一些问题，如空气污染、伤害等，我们应该尊重传统文化，摒弃传统习俗，以环保为重。,1.0,春节放鞭炮
404,春节放鞭炮是春节的传统习俗，但随着空气污染的加剧，放鞭炮可能影响空气质量，所以应该减少放鞭炮。,1.0,春节放鞭炮
405,"中立态度言论： 
我可怜的相机，就这样被老爸拿去用了，T.T镜头里满满都是灰，竟然拿相机去拍春节放鞭炮!@薰丨ImissU 买新的吗?你怎么看？998.19(运费要25.81)",1.0,春节放鞭炮
406,春节放鞭炮时，小孩会哭闹，手指按穴位可安抚孩子。,1.0,春节放鞭炮
407,春节放鞭炮应遵守规定，切勿放鞭炮污染环境。,1.0,春节放鞭炮
408,春节是中华民族的传统节日，春节期间人们都会庆祝传统节日，放鞭炮、看春晚、吃年夜饭等都是庆祝春节的方式，随着时代的变化，春节庆祝方式也在发生变化，有些人会选择旅游、聚会、打麻将等方式庆祝春节。,1.0,春节放鞭炮
409,春节放鞭炮是传统文化习俗，是节日气氛的载体，但PM2.5爆表、烟花爆竹伤人事件频发，呼吁春节不要放鞭炮。,1.0,春节放鞭炮
410,中立观点：春节燃放烟花爆竹应该减少，提倡环保。,1.0,春节放鞭炮
411,春节放鞭炮是传统习俗，但随着环保意识的加强，放鞭炮的人数正在逐渐减少。因此，我们应该采取措施减少鞭炮的投放，同时减少燃放烟花爆竹的数量，以减少空气污染。,1.0,春节放鞭炮
412,"春节春节俗称过年,原名元旦,是汉民族最重要最盛大的传统节日,主要的民俗活动有拜年,守岁,放鞭炮,贴春联,给压岁钱。隋代杜台卿在《五烛宝典》中说:“正月为端月,其一日为元日,亦云正朝,|春 &n...",1.0,春节放鞭炮
413,春节放鞭炮，是传统习俗，也是文明传承，但放鞭炮对环境和健康都有害，建议减少放鞭炮，减少空气污染。,1.0,春节放鞭炮
414,放鞭炮是好是坏，我们应该尊重每个人的生活方式和行为习惯，而不是一味地谴责。,1.0,春节放鞭炮
415,惠州禁鞭鞭炮，春节放鞭炮被微信红包干掉了。,1.0,春节放鞭炮
416,今年春节放鞭炮是否还放？,1.0,春节放鞭炮
417,春节是否应该放鞭炮？从中医角度来看，放鞭炮可以减少雾霾和污染，而从宗教角度来看，放鞭炮可能炸伤其他维次众生，两者需要权衡利弊。,1.0,春节放鞭炮
418,放鞭炮的传统习俗需要尊重和保护，而不是一味地反对。,1.0,春节放鞭炮
419,春节放鞭炮是春节的传统习俗，但燃放时释放的烟尘火星容易引起环境污染和火灾。玉龙认为，如果父母选择做环卫工，应该尊重他们的选择，不要埋怨他们。我们都是中国人，应该尊重他们的工作。,1.0,春节放鞭炮
420,春节放鞭炮是需要尊重的，不应该只怪子女。我们都是中国人，应该尊重长辈，不要埋怨他们。,1.0,春节放鞭炮
421,对于中国传统佳节放鞭炮的习俗，我们应该尊重并支持。然而，在放鞭炮的过程中，我们也要注意安全，确保环境安全。,1.0,春节放鞭炮
422,春节是一个美丽的节日，但我们应该注意保护我们的皮肤。,1.0,春节放鞭炮
423,春节放鞭炮是传统文化的一部分，但是对于我们来说，我们应该尊重传统，摒弃陋习。,1.0,春节放鞭炮
424,惠州禁鞭鞭炮，春节放鞭炮应放得轻一点，避免孩子哭闹。,1.0,春节放鞭炮
425,春节燃放烟花爆竹是否合理，还需考虑环境问题。,1.0,春节放鞭炮
426,中立态度言论：网上出现9.99元“鞭炮险”，但仅限父母为子女投保，而相机被老爸拿去用了，需要买新的。,1.0,春节放鞭炮
427,春节放鞭炮，燃放不当埋隐患。希望大家在春节期间注意安全。,1.0,春节放鞭炮
428,春节是汉民族最重要最盛大的传统节日，主要民俗活动包括拜年、守岁、放鞭炮、贴春联、给压岁钱。隋代杜台卿在《五烛宝典》中说“正月为端月，其一日为元日，亦云正朝，|春 &n...,1.0,春节放鞭炮
429,中立态度言论: 春节放鞭炮是否有必要？在现代社会，放鞭炮是否会增加空气污染？从传统文化和价值观出发，放鞭炮是否能够促进社会和谐？,1.0,春节放鞭炮
430,不放鞭炮没有年味儿，是否开发电子鞭炮？,1.0,春节放鞭炮
431,放鞭炮是传统习俗，不应该被强制禁止。,1.0,春节放鞭炮
432,春节放鞭炮是放鞭炮的传统习俗，但是随着空气污染的加剧，很多地方都开始不放鞭炮了，你怎么看？,1.0,春节放鞭炮
433,春节不只一天，不迷信财富和运气，租男友回家，遵守传统习惯，放鞭炮是为了驱逐怪兽，穿红内衣，吃各种甜食，有自己的电影类型贺岁片，春节习俗非铁板一块。,1.0,春节放鞭炮
434,春节是中国的传统节日，除夕夜放鞭炮是传统习俗，但是当放鞭炮遭遇PM2.5的困境时，我们应该更多地关注环保问题，如爱环保不放鞭炮和拒绝剩宴。,1.0,春节放鞭炮
435,春节不放鞭炮，年味变淡了;燃放鞭炮，空气会变灰霾。在这样两难选择面前，您会怎么做呢?请在我们栏目微博发表您的观点。,1.0,春节放鞭炮
436,春节放鞭炮是传统庆祝方式，但车主要注意安全。,1.0,春节放鞭炮
437,春节放鞭炮是传统习俗，也是春节重要的组成部分。但是，如果空气污染严重，或者人们不习惯放鞭炮，那么放鞭炮可能对环境造成污染，对身体健康也可能造成负面影响。因此，放鞭炮应该适度，不要过度。,1.0,春节放鞭炮
438,春节放鞭炮，环保应重视，烟花爆竹不宜放。,1.0,春节放鞭炮
439,春节是一个美丽的节日，然而一些人却认为放鞭炮是传统迷信。,1.0,春节放鞭炮
440,春节放鞭炮，我们应该以环保为出发点，而不是以破坏环境为目的。春节放鞭炮不仅会污染环境，还会破坏人们的身体健康，我们应该尽可能减少鞭炮的使用，减少大气污染和空气污染对健康的影响。,1.0,春节放鞭炮
441,春节期间放鞭炮对空气质量的影响很明显，环保部门建议减少空气污染物排放和花炮垃圾。我们应该理性思考，而不是盲目跟风。,1.0,春节放鞭炮
442,春节放鞭炮是否真会冷寂？春节习俗是古人的智慧，其顺应规律的思维方式，让我们感到尊重和自豪。,1.0,春节放鞭炮
443,中立态度言论：春节习俗和元宵节传统民俗都是中华文化的重要组成部分，应该尊重并保护。,1.0,春节放鞭炮
444,春节习俗是中华文化的重要组成部分，我们应该尊重传统文化，遵守传统习俗，尊重自然规律，尊重人类生命。,1.0,春节放鞭炮
445,中立态度言论: 关注春节放鞭炮和环卫工人，维护环境卫生。,1.0,春节放鞭炮
446,春节燃放烟花爆竹是中华文化的一部分，但应该从源头上减少燃放烟花爆竹的污染。,1.0,春节放鞭炮
447,春节放鞭炮是儿童的一大乐事，但燃放爆竹容易发生事故，大人要注意。,1.0,春节放鞭炮
448,春节放鞭炮，放鞭炮应该悠着点。,1.0,春节放鞭炮
449,春节是中华民族最隆重的传统节日，放鞭炮喜庆与环保相悖，但应该尊重环保和节约资源。,1.0,春节放鞭炮
450,中立态度言论：春节放鞭炮是春节的传统习俗，但应避免放鞭炮，同时提倡低碳环保的生活方式。,1.0,春节放鞭炮
451,今年的春节放鞭炮市民减少，烟花公司批发量减一半，烟花爆竹经营企业批发量减少一半。春节是传统节日，放鞭炮、吃年夜饭、走亲访友等传统方式使春节变得丰富多彩。随着时代变迁，旅游、健身等休闲方式使春节更加丰富多彩。,1.0,春节放鞭炮
452,春节放鞭炮是传统习俗，是中华民族的传统文化和习俗。虽然放鞭炮可能会增加空气污染，但从中医角度来看，放鞭炮是湿气克星，因此应该放鞭炮。,1.0,春节放鞭炮
453,春节放鞭炮是破坏环境的不道德行为，我们应该倡导绿色环保，减少烟花爆竹的使用。,1.0,春节放鞭炮
454,"从春节习俗看古代中国人思维方式:顺应规律 

从春节习俗看古代中国人思维方式:顺应规律 。",1.0,春节放鞭炮
455,中立观点：春节习俗的传承与创新，需要在传统文化的底蕴中探寻创新之路。,1.0,春节放鞭炮
456,春节放鞭炮是传统文化，提倡健康文明的生活方式，不应过度干扰身体健康。放鞭炮时要保持距离，避免噪音污染。,1.0,春节放鞭炮
457,"中立态度言论：
我可怜的相机被老爸拿去用了，T.T镜头里满是灰，居然拿相机去拍春节放鞭炮!@薰丨ImissU买新的吗?你怎么看?998.19(运费要25.81)",1.0,春节放鞭炮
458,春节放鞭炮是春节传统文化的一部分，但是我们不应该过度放鞭炮。放鞭炮是保护环境的重要手段，也是一种社会风气。我们应该从自身做起，从小事做起，尊重自然，保护环境，为地球贡献一份力量。,1.0,春节放鞭炮
459,春节是一个很好的日子，家人和朋友聚集在一起，看春节联欢晚会，一个大的晚餐，放鞭炮...每年都会做“项目”，但熬夜，吃油腻的食物，疲劳，娱乐，旅游已成为常态，为什么这是美丽的皮肤的|春节长假肌...,1.0,春节放鞭炮
460,成都1950年春节出奇安静，市民们认为放鞭炮可能属于传统迷信。,1.0,春节放鞭炮
461,春节不放鞭炮会变灰霾，您会怎么做呢？,1.0,春节放鞭炮
462,春节除夕放鞭炮是中华文化的传统，但环保意识普及后，应该禁放鞭炮。,1.0,春节放鞭炮
463,春节是中国传统节日，人们以不同方式庆祝。,1.0,春节放鞭炮
464,惠州禁鞭，春节放鞭炮，烟花爆竹是否冷寂？,1.0,春节放鞭炮
465,春节放鞭炮是春节风俗，是传统的习俗，也是人们喜庆的节日，但是放鞭炮对空气污染、雾霾等环境问题都存在一定的影响。因此，放鞭炮对春节的影响不容忽视。因此，我们应该理性看待春节放鞭炮的影响，从自身做起，减少放鞭炮，以减少环境污染和空气污染。,1.0,春节放鞭炮
466,春节放鞭炮是中国的传统习俗，虽然有污染，但传统不可能说抛就抛，起码这20年内不可能消失，那些喊放鞭炮脑残的请理智一些。保护环境，保护环境，等你真正做到环保，再来批判现实吧,1.0,春节放鞭炮
467,我们应该摒弃传统习俗，在环保意识日益增强的今天，通过减少鞭炮的燃放量，减少空气污染，从而保护我们的地球。,1.0,春节放鞭炮
468,春节是一个很好的一天，家人和朋友聚集，看春节联欢晚会，一个大的晚餐，放鞭炮。每年都会做“项目”，但熬夜，吃油腻的食物，疲劳，娱乐，旅游已成为常态，但为什么美丽的皮肤的春节长假肌是美丽的。,1.0,春节放鞭炮
469,发发发发发发发发发发发发。,1.0,春节放鞭炮
470,春节期间，燃放鞭炮等传统娱乐项目，往往因燃放不当等因素埋下隐患。希望广大市民能保持安全，过好美好春节。,1.0,春节放鞭炮
471,春节放鞭炮，今年放不放？,1.0,春节放鞭炮
472,元宵节是春节之后的第一个重要节日，元宵节的传统民俗和庙会、灯谜、花灯、放鞭炮等热闹活动是元宵节的重要组成部分。,1.0,春节放鞭炮
473,春节放鞭炮是一个传统习俗，我们应该尊重它，而不是批判它。,1.0,春节放鞭炮
474,"@薰丨ImissU 买新的吗?你怎么看? 

我可怜的相机，就这样被老爸拿去用了，T.T镜头里满满都是灰，竟然拿相机去拍春节放鞭炮!@薰丨ImissU 买新的了吗?你怎么看?——998.19(运费要25.81)

惠州在我出生第二年开始禁鞭，每次聊到过年啊爆竹啊爸妈就会讲，那个还是家家户户放鞭炮，房子外面硝烟弥漫能见度只有一两米的春节，一对没有经验的年轻父母，担心只有一个多月的我被鞭炮声吓到，用棉花把我耳朵塞住然后把小小的婴儿用被子整个严严实实包起来。",1.0,春节放鞭炮
475,春节是中国的传统节日，人们以不同的方式庆祝春节。放鞭炮、看春晚、吃年夜饭、旅游、聚会、打麻将，是人们庆祝春节的方式。虽然人们观念的变化，但春节习俗并非铁板一块。,1.0,春节放鞭炮
476,春节放鞭炮，虽然放鞭炮可以增加节日气氛，但PM2.5爆表、烟花爆竹伤人事件频发等，让很多人开始反对春节期间放鞭炮。,1.0,春节放鞭炮
477,放鞭炮是别人的事，环卫工只管扫干净，春节放鞭炮，我们每个人都要体谅。,1.0,春节放鞭炮
478,@平安成都 @成都环保 : #今年春节你放鞭炮吗# #不放鞭炮就没有年味儿# #能不能开发一种电子鞭炮，又不污染空气，又不失年味# #能否开发一种电子鞭炮，又不污染空气，又不失年在春节放鞭炮吗# #能否开发一种电子鞭炮，又不污染物，又不失年味# #能否开发一种电子烟花，又不污染空气，又不失年味# #能不能开发一种电子烟花，又不污染空气，又不失年味道#,1.0,春节放鞭炮
479,"""我们不能因为鞭炮污染环境而拒绝过年，但是我们需要为环保做出贡献。我们应该倡导放鞭炮，而不是放烟花。”",1.0,春节放鞭炮
480,中立观点：放鞭炮和PM2.5的现代困境需要我们采取积极措施，保护环境，减少空气污染。,1.0,春节放鞭炮
481,春节期间案件可能增多，而放鞭炮烟花等传统娱乐项目燃放不当也给节日安全埋下隐患。希望市民能保持警惕，安全过好春节。,1.0,春节放鞭炮
482,今年春节放鞭炮的市民明显少多了，有的烟花爆竹经营企业批发量减少一半。,1.0,春节放鞭炮
483,春节放鞭炮是春节风俗，但应该以文明方式对待。,1.0,春节放鞭炮
484,放鞭炮会加剧空气污染，建议禁止。,1.0,春节放鞭炮
485,春节放鞭炮是一种传统习俗，在喜庆的气氛中可以增加节日气氛，但是烟花爆竹的燃放会污染空气，对人体健康造成损害，应提倡环保健康的生活方式。,1.0,春节放鞭炮
486,中立态度言论：春节放鞭炮是春节期间不可或缺的习俗，但放鞭炮也是需要谨慎的，因为放鞭炮可能会引燃车内物品，甚至可能引起火灾，造成人身伤害。所以，在春节期间，建议不要随意放鞭炮，以免发生意外。,1.0,春节放鞭炮
487,这篇博文里关于春节的讨论很有意义，但我们应该尊重每个人的传统习俗和文化，而不是因为一些人的言行而伤害到其他人。,1.0,春节放鞭炮
488,中立态度言论：成都1950年春节出奇安静，市民们认为放鞭炮可能属于传统迷信。,1.0,春节放鞭炮
489,春节放鞭炮被微信红包干掉了，对此，我们应该保持中立，不赞成或反对。,1.0,春节放鞭炮
490,春节放鞭炮喜庆与环保相悖，放不放？,1.0,春节放鞭炮
491,春节放鞭炮是过年的传统习俗，但是也要注意不要放鞭炮造成环境污染。环卫工夫妇手举心形卡片，表达对年轻人少放鞭炮的感谢，也是一种文明的行为。春节放鞭炮不仅破坏环境，还会影响环卫工人的工作，所以大家一定要爱护环境。,1.0,春节放鞭炮
492,春节习俗是古代中国人思维方式的一部分，但我们应该尊重传统，遵守社会秩序和传统文化，以和谐、和谐的方式庆祝春节。,1.0,春节放鞭炮
493,春节期间放鞭炮、烟花等传统娱乐项目，燃放不当埋下安全隐患。希望大家能过好春节，平安祥和。,1.0,春节放鞭炮
494,春节放鞭炮是否破坏环境？,1.0,春节放鞭炮
495,春节放鞭炮时要注意安全，避免车辆被炸伤。,1.0,春节放鞭炮
496,@平安成都 @成都环保 建议开发电子鞭炮，既环保又环保，还过年味儿。,1.0,春节放鞭炮
497,省城小年夜的鞭炮声，是春节前燃放烟花爆竹的高峰，但今年省城的小年夜却很少听到鞭炮声，这是为什么？我们应该通过调查采访，寻找原因。,1.0,春节放鞭炮
498,中立态度言论：虽然省城小年夜的鞭炮声很少，但春节的传统习俗仍然存在。,1.0,春节放鞭炮
499,中立态度言论：春节不应该放鞭炮。,1.0,春节放鞭炮
500,春节习俗与禁忌，让我们一起欣赏。,1.0,春节放鞭炮
501,春节放鞭炮，是过年的一部分，但放鞭炮也需要注意环境问题，比如噪音污染、车辆噪音、汽车尾气等等。在放鞭炮时，我们需要保持冷静和理智，不能让鞭炮成为一种不良行为。同时，我们也需要重视环保问题，减少私家车的使用，减少大气污染。,1.0,春节放鞭炮
502,建议禁止放鞭炮，以减少空气污染。,1.0,春节放鞭炮
503,春节习俗并非铁板一块，与全球华人同贺新春。,1.0,春节放鞭炮
504,春节放鞭炮要小心，车辆炸伤如何理赔？,1.0,春节放鞭炮
505,春节放鞭炮的减少，城市空气质量整体良好，雨水影响呈现“小清新”。惠州禁鞭后，春节期间仍放鞭炮，父母担心小孩被吓到，用棉花塞住耳朵，严严实实包住。,1.0,春节放鞭炮
506,"春节放鞭炮好耶坏耶，也就那么几天。你爱，就好好过瘾。你烦，就忍几天。毕竟就那么几天。有那口舌应该讨论讨论那长年累月无休无止萦绕在我们耳边的汽车喇叭声,电摩警报声,野蛮人永远改不了的随地吐痰、乱扔垃圾陋习,文明人的爱犬的随地狗屎......",1.0,春节放鞭炮
507,元宵节传统民俗，热闹喜庆。,1.0,春节放鞭炮
508,春节放鞭炮减少，鞭炮公司批发量减少，这说明人们对于环保的关注和责任感，鞭炮使用要量力而行，避免污染环境。,1.0,春节放鞭炮
509,中立言论,1.0,春节放鞭炮
510,春节放鞭炮被认为是陋习，应该摒弃还是守护？,1.0,春节放鞭炮
511,春节燃放烟花爆竹成传统，雾霾污染致环保意识普及，鞭炮无安全保障，淘宝保险推出“鞭炮险”。,1.0,春节放鞭炮
512,中立态度言论：对春节习俗的了解是传统文化的重要组成部分，放鞭炮也是一种传统文化，所以我们应该尊重传统文化。,1.0,春节放鞭炮
513,@平安成都 @成都环保 : #今年春节你放鞭炮吗# 不放鞭炮就没有年味儿了，能不能开发一种电子鞭炮，又不污染空气，又不失年味......,1.0,春节放鞭炮
514,春节是汉民族最重要的传统节日，春节习俗、民俗活动繁多，如拜年、守岁、放鞭炮、贴春联、给压岁钱等。春节长假的肌肤护理也很重要，需要在春节期间加强保湿、防晒、保养等措施。,1.0,春节放鞭炮
515,春节7天长假禾城空气质量还不错，受雨水影响呈现“小清新”。羊年春节即将到来，杭州规定燃放时间缩减至三天(除夕、正月初一和十五)，对此，你支持哪一种？,1.0,春节放鞭炮
516,@平安成都 @成都环保 : #今年春节你放鞭炮吗# @平安成都 @成都环保: #今年春节你放鞭炮吗#不放鞭炮就没有年味儿了，能不能开发一种电子鞭炮，又不污染空气，又不失年味......,1.0,春节放鞭炮
517,春节是中国最具特色的传统节日，象征着农历旧年的结束和新的一年的开始。春节习俗多种多样，不同地区、不同民族的习俗不尽相同。,1.0,春节放鞭炮
518,春节放鞭炮是人们的传统习俗，但近年来由于空气污染和烟花爆竹伤害事件的频发，很多人开始呼吁春节期间不要放鞭炮。虽然7天长假禾城空气质量还不错，但未来几天降雨将进一步改善空气质量，因此我们仍然建议春节期间不要放鞭炮。,1.0,春节放鞭炮
519,春节放鞭炮要注意安全，大人要陪着孩子，按摩穴位能帮助缓解哭闹。,1.0,春节放鞭炮
520,春节放鞭炮是春节习俗的一部分，但在环保和环保意识日益提高的今天，我们应该尊重环保理念，减少鞭炮的使用，保护我们的环境。,1.0,春节放鞭炮
521,春节放鞭炮是陋习，应该摒弃还是守护？,1.0,春节放鞭炮
522,春节放鞭炮，能否悠着点？,1.0,春节放鞭炮
523,春节放鞭炮与环保相悖，是否应该放？,1.0,春节放鞭炮
524,春节放鞭炮是传统文化的一部分，但随着空气污染的增加，放鞭炮可能会造成环境污染，所以建议减少放鞭炮。,1.0,春节放鞭炮
525,春节是中国最富有特色的传统节日，也是全年最重要的节日。春节习俗多种多样，贴春联、放鞭炮、敲锣打鼓、吃饺子、给压岁钱等习俗。不同时期、不同地区、不同民族的习俗不同。春节是中国最富有特色的传统节日，也是全年最重要的一个节日。春节习俗多种多样，贴春联、放烟花爆竹、敲锣打鼓、吃饺子、给压岁的钱等习俗。春节是中国最富有特色的传统节日，也是全年最重要一个节日。春节是中国最富有特色的传统节日，也是全年重要节日。春节是中国最富有特色的传统节日，也是元旦、春节、春节、春节、春节、春节、春节、新年、春节、新年、新年、新年、新年、新春、新春、新春、新春、新年、新春、新春、新年、新年、新春、新年、新春、新年、新年、新年、新月、新年、新月、新月、新年、新年、新月、新月、新月、新月、新年、新月、新年、新年、新年、新岁、新年、新年、新年、新春节。春节是中国最富有特色的传统节日，也是全年最重要节日。春节是中国最富有特色的传统节日，也是一个重要的节日。春节是中国最富有特色的传统节日，也是一个重要节日。春节是中国最富有特色的传统节日，也是一种重要节日。春节是中国最富有特色的传统节日，是一个重要节日。春节是中国最富有特色的传统节日，同时也是一个重要节日。春节是中国最富有特色的传统节日，也是一个很重要节日。春节是中国最富有特色的传统节日，一个重要节日。春节是中国最富有特色的传统节日。春节是中国最富有特色的传统节日，也是一个重要节日。春节是中国最富有特色的传统节日之一，也是一个重要节日。春节是中国最富有特色的传统节庆，也是一个重要节日。春节是中国最富有特色的传统节假日，也是一个重要节日。春节是中国最富有特色的传统假期，也是一个重要节日。春节是中国最富有特色的传统假日，也是一个重要节日。春节是中国最富有特色的传统情人节，也是一个重要节日。春节是中国最富有特色的传统习俗，也是一个重要节日。春节是中国最富有特色的传统传统节日，也是一个重要节日。春节是中国最富有独特的传统节日，也是一个重要节日。春节是中国最富有丰富多彩的传统节日，也是一个重要节日。春节是中国最富有丰富的传统节日，也是一个重要节日。春节是中国最富有复杂的传统节日，也是一个重要节日。春节是中国最富有深厚的传统节日，也是一个重要节日。春节是中国最富有深刻的传统节日，也是一个重要节日。春节是中国最富有丰厚的传统节日，也是一个重要节日。春节是中国最富有深厚的传统文化节日，也是一个重要节日。春节是中国最富有深厚的古老传统节日，也是一个重要节日。春节是中国最富有深厚传统的传统节日，也是一个重要节日。春节是中国最富有浓厚的传统文化节日，也是一个重要节日。春节是中国最富有丰富的传统文化节日，也是一个重要节日。春节是中国最富有丰厚传统的传统节日，也是一个重要节日。春节是中国最富裕传统节日，也是一个重要节日。春节是中国最富有宝贵的传统文化节日，也是一个重要节日。春节是中国最富有珍贵的传统节日，也是一个重要节日。春节是中国最富有珍贵的传统文化节日，也是一个重要节日。春节是中国最富有独特的传统文化节日，也是一个重要节日。春节是中国最富有宝贵的传统节日，也是一个重要节日。春节是中国最富有宝贵传统文化节日，也是一个重要节日。春节是中国最富有丰富多彩的传统文化节日，也是一个重要节日。春节是中国最富有深厚珍贵的传统文化节日，也是一个重要节日。春节是中国最富丰富的传统文化节日，也是一个重要节日。春节是中国最富珍贵的传统文化节日，也是一个重要节日。春节是中国最富裕珍贵的传统文化节日，也是一个重要节日。春节是中国最珍贵的传统文化节日，也是一个重要节日。春节是中国最丰富的传统文化节日，也是一个重要节日。春节是中国最珍贵的传统节日，也是一个重要节日。春节是中国最珍贵的传统传统节日，也是一个重要节日。春节是中国最珍贵的传统文化情人节，也是一个重要节日。春节是中国最富丰富的传统文化情人节，也是一个重要节日。春节是中国最富有珍贵的传统文化情人节，也是一个重要节日。春节是中国最珍贵的传统文化节日。也是一个重要节日。春节是中国最珍贵的传统文化节日，也是一个重要节日。春节是中国最富有丰富的传统文化节日，也是一个重要节日。春节是中国最珍贵的传统文化节日，也是一个特别节日。春节是中国最珍贵的传统文化节日，也是一个重要情人节。春节是中国最珍贵的传统文化节日，也是一个特别节日节日。春节是中国最珍贵的传统文化节日，也是一个重要节假日节日。春节是中国最珍贵的传统文化节日，也是一个重要假期节日。春节是中国最珍贵的传统文化节日，也是一个重要假日节日。春节是中国最珍贵的传统文化节日，也是一个重要国庆节日。春节是中国最珍贵的传统文化节日，也是一个重要春节节日。春节是中国最珍贵的传统文化节日，也是一个重要过年节日。春节是中国最珍贵的传统文化节日，也是一个重要节庆节日。春节是中国最珍贵的传统文化节日，也是一个重要庆祝节日。春节是中国最珍贵的传统文化节日，也是一个重要季节节日。春节是中国最珍贵的传统文化节日，也是一个重要纪念节日。春节是中国最珍贵的传统文化节日，也是一个重要清明节节日。春节是中国最珍贵的传统文化节日，也是一个重要旅游节日。春节是中国最珍贵的传统文化节日，也是一个重要祭祀节日。春节是中国最珍贵的传统文化节日，也是一个重要祭祖节日。春节是中国最珍贵的传统文化节日，也是一个重要春秋节日。春节是中国最珍贵的传统文化节日，也是一个重要清明节日。春节是中国最珍贵的传统文化节日，也是一个重要春祭节日。春节是中国最珍贵的传统文化节日，也是一个重要秋祭节日。春节是中国最珍贵的传统文化节日，也是一个特别清明节节日。春节是中国最珍贵的传统文化节日，也是一个特别秋祭节日。春节是中国最珍贵的传统文化节日，也是一个特别清明节节日。春节是中国最珍贵的传统文化节日，也是一个特殊清明节节日。春节是中国最珍贵的传统文化节日，也是一个特殊清明节节日。春节是中国最珍贵的传统文化节日，也是个重要节日。春节是中国最珍贵的传统文化节日，也是一个特殊清明节日。春节是中国最珍贵的传统文化节日，也是一个特别清明节日。春节是中国最珍贵的传统文化节日，也是一个节日。春节是中国最珍贵的传统文化节日，也是一个重要元宵节节日。春节是中国最珍贵的传统文化节日，也是一个重要元旦节日。春节是中国最珍贵的传统文化节日，也是一个重要公祭节日。春节是中国最珍贵的传统文化节日，也是一个重要的元旦节日。春节是中国最珍贵的传统文化节日，也是一个特别公祭节日。春节是中国最珍贵的传统文化节日，也是个特别清明节节日。春节是中国最珍贵的传统文化节日，是一个重要公祭节日。春节是中国最珍贵的传统文化节日。春节是中国最珍贵的传统文化节日，也是一个重要夏祭节日。春节是中国最珍贵的传统文化节日，也是一个特殊夏祭节日。春节是中国最珍贵的传统文化节日，也是另一个重要夏祭节日。春节是中国最珍贵的传统文化节日。春节是中国传统文化节日，也是一个重要节日。春节是中国最珍贵的传统文化节庆节日。春节是中国最珍贵的传统文化节日，也是个重要的节日。春节是中国最珍贵的传统文化节日，也是一个重要阳祭节日。春节是中国最珍贵的传统文化节日，也是一个文化节日。春节是中国最珍贵的传统文化节日，也是一个重要农历节日。春节是中国最珍贵的传统文化节日，也是一个重要元阳节节日。春节是中国最珍贵的传统文化节日，也是一个重要的农历节日。春节是中国最珍贵的传统文化节日，也是一个特别农历节日。春节是中国最珍贵的传统文化节日，也是一个重要的节日。春节是中国最珍贵的传统文化节日，也是一个重要的春节节日。春节是中国最珍贵的传统文化节日，也是一个特别夏祭节日。春节是中国最珍贵的传统文化节日，是一个重要春节节日。春节是中国最珍贵的传统文化节日，也是个春节节日。春节是中国最珍贵的传统文化节日，也是一个重要的夏祭节日。春节是中国最珍贵的传统文化节日，也是一种重要春节节日。春节是中国最珍贵的传统文化节日，也是一种重要农历节日。春节是中国最珍贵的传统文化节日，也是一种重要节日。春节是中国最珍贵的传统文化节日，也是一个重要的节庆节日。春节是中国最珍贵的传统文化节日，也是一种重要节庆节日。春节是中国最珍贵的传统文化节日。春节是中国最重要的春节节日，也是一个重要节日。春节是中国最珍贵的传统文化春节节日，也是一个重要节日。春节是中国最珍贵的文化遗产节日，也是一个重要节日。春节是中国最珍贵的传统文化假日，也是一个重要节日。春节是中国最珍贵的传统文化节日节日，也是一个重要节日。春节是中国最珍贵的传统文化日，也是一个重要节日。春节是中国最珍贵的传统文化节日之一，也是一个重要节日。春节是中国最珍贵的传统文化节日庆祝节日，也是一个重要节日。春节是中国最珍贵的传统文化庆祝节日，也是一个重要节日。春节是中国最珍贵的传统庆祝节日，也是一个重要节日。春节是中国最珍贵的文化节日庆祝节日，也是一个重要节日。春节是中国最宝贵的传统文化节日，也是一个重要节日。春节是中国最珍贵的文化遗产，也是一个重要节日。春节是中国最珍贵的传统文化节日庆典，也是一个重要节日。春节是中国最珍贵的传统文化节日庆节日，也是一个重要节日。春节是中国最珍贵的传统文化節庆节日，也是一个重要节日。春节是中国最珍贵的文化節庆节日，也是一个重要节日。春节是中国最宝贵的传统文化節庆节日，也是一个重要节日。春节是中国最重要的传统文化节日庆祝节日，也是一个重要节日。春节是中国最重要的传统文化节日庆典，也是一个重要节日。春节是中国最宝贵的传统文化节日庆祝节日，也是一个重要节日。春节是中国最大的传统文化节日庆祝节日，也是一个重要节日。春节是中国最著名的传统文化节日庆祝节日，也是一个重要节日。春节是中国最具珍贵的传统文化节日庆祝节日，也是一个重要节日。春节是中国传统节日庆祝节日，也是一个重要节日。春节是中国最有价值的传统文化节日庆祝节日，也是一个重要节日。春节是中国最受欢迎的传统文化节日庆祝节日，也是一个重要节日。春节是中国最为珍贵的传统文化节日庆祝节日，也是一个重要节日。春节是人类最重要的传统节日庆祝节日，也是一个重要节日。春节是中国最重要的春节节日庆祝节日，也是一个重要节日。春节是中国最重要的农历节日庆祝节日，也是一个重要节日。春节是中国最重要的中国传统节日庆祝节日，也是一个重要节日。春节是中国最重要的中国传统文化节日庆祝节日,1.0,春节放鞭炮
526,春节放鞭炮，但请务必擦亮眼睛。,1.0,春节放鞭炮
527,中立态度言论：春节放鞭炮盛事被微信红包干掉了。,1.0,春节放鞭炮
528,春节放鞭炮，不支持也不反对。虽然有污染，但传统不可能说抛就抛，至少20年内不可能消失。请理智一些，不要放鞭炮保护环境。等你真正做到环保再来批判现实。,1.0,春节放鞭炮
529,春节放鞭炮，你支持么？,1.0,春节放鞭炮
530,春节不放烟花爆竹对空气质量影响大，建议减少空气污染和花炮垃圾。,1.0,春节放鞭炮
531,春节放鞭炮是否有益？中立观点。,1.0,春节放鞭炮
532,@扬子晚报：盘点蛇年春节长假热词，爱环保不放鞭炮，爱光盘拒绝剩宴。欢迎关注。,1.0,春节放鞭炮
533,春节不放鞭炮会污染环境，建议大家选择绿色环保的方式庆祝春节。,1.0,春节放鞭炮
534,春节庆祝方式的变化，是时代发展的必然。随着人们观念的变化，春节庆祝方式应该更加多元化，而不是一味地放鞭炮。,1.0,春节放鞭炮
535,春节放鞭炮，燃放鞭炮，燃放鞭炮，燃放烟花，燃放烟花，燃放烟花，燃放鞭炮，燃放烟花，燃燃烟花，燃燃烟花，燃燃烟花，燃烟花，燃烟花，燃烟花，燃烟花!燃燃烟花，燃燃烟花，燃燃烟花!燃燃烟花，燃燃烟花，点燃烟花，点燃烟花，点燃烟花，点燃烟花，燃燃烟花，燃燃烟花，燃点燃烟花，燃点燃烟花，燃点燃烟花，燃燃烟花，燃燃烟花，点燃烟花，燃燃烟花，燃燃烟火，点燃烟花，点燃烟花，点燃烟花，燃点燃烟花，燃燃烟花，点燃烟花，点燃烟花!燃燃烟花，燃燃烟花，点燃烟火，燃燃烟花，燃燃烟花，点燃烟花!燃燃烟花，燃燃烟火，点燃烟火，燃燃烟花，点燃烟花，点燃烟花，燃燃烟花!燃燃烟花，燃点燃烟花，点燃烟花，点燃烟花，点燃烟花!燃燃烟花!燃燃烟花，燃点燃烟花!燃燃烟花，燃点燃烟花，点燃烟火，点燃烟花，点燃烟花，点燃烟花，点燃烟火，燃点燃烟花，点燃烟花，点燃烟花，燃点燃烟火，点燃烟花，点燃烟花，点燃烟花!燃点燃烟花，燃点燃烟花，点燃烟火，点燃烟花!燃点燃烟花，燃点燃烟花!燃点燃烟花，燃点燃烟花，燃点燃烟花!燃点燃烟花!燃点燃烟花，燃点燃烟花!点燃烟花，燃点燃烟花!燃点燃烟花，点燃烟花，点燃烟花，点燃烟火!燃点燃烟花，燃点燃烟花，点燃烟花，点燃烟花!燃点燃烟火，燃点燃烟花，点燃烟花，点燃烟火!燃点燃烟火，燃点燃烟花，点燃烟花!燃点燃烟花，燃燃烟花，点燃烟花，燃点燃烟花，点燃烟花，点燃烟火!点燃烟花，燃点燃烟花，点燃烟花，点燃火焰!燃点燃烟花，燃点燃烟花，点燃烟花!燃点燃烟花!燃点燃烟花，点燃烟花，燃点燃烟花，点燃烟火!燃点燃烟花，燃点亮烟花，点燃烟火!燃点燃烟花，燃点燃烟火，点燃烟花，点燃烟火!燃点燃烟花，点燃烟花，点燃烟火，点燃烟火!燃点燃烟花，燃点燃烟花!燃点燃烟火，燃点燃烟花，燃点燃烟花，点燃烟火!燃燃烟花，燃点燃烟花，点燃烟火!燃点燃烟火，燃点亮烟花，点燃烟火!燃点燃烟花!燃点燃烟花，燃点燃烟火，点燃烟火!燃点燃烟花，燃点亮烟花!燃点燃烟花，燃点燃烟花，点燃烟花烟花!燃点燃烟花，燃点燃烟花，点燃火焰!燃点燃烟花，燃点亮烟花，点燃烟火，点燃火焰!燃点燃烟花，燃点燃烟花!燃点燃燃烟花，燃点燃烟花，点燃烟火!燃燃燃烟花，燃点燃烟花，点燃烟火，燃点燃烟花!燃点燃烟花，燃点燃烟火!燃点燃烟花，燃点燃烟花，燃点燃烟火，点燃烟火!点燃烟花，燃点燃烟花，燃点燃烟花，点燃烟火，燃点燃烟火!燃点燃烟花，燃点燃烟火，燃点燃烟花，点燃烟火!燃点燃烟花!燃点燃烟火，燃点燃烟花!燃点燃烟花，点燃烟花烟花，点燃烟火，点燃烟火，点燃烟火!燃点燃烟花，点燃烟花烟花，点燃烟火!燃点燃烟花，燃点燃鞭烟花，点燃烟火，点燃烟花!燃点燃烟花!燃点燃烟花!燃点燃烟花!点燃烟花烟花，点燃烟火烟花，点燃烟火!点燃烟花烟花，点燃烟花烟花，点燃烟火!点燃烟花烟花，点燃烟花!点燃烟花烟花，点燃烟花烟花，点燃烟火，点燃烟火!燃点燃烟花烟花，点燃烟花烟花，点燃烟火，燃点燃烟花烟花，点燃烟火!燃点燃烟花烟花，点燃烟花烟火，点燃烟火烟花，点燃烟火烟花，点燃烟火烟花，点燃烟火!燃点燃烟花烟花，点燃烟火烟花，点燃烟火烟花，点燃烟花烟花，点燃烟火烟花，点燃烟火烟花!燃点燃烟花烟花，点燃烟花烟花，点燃烟花烟花，点燃烟火烟花，点燃烟花烟花，点燃烟花烟花，点燃烟花烟花!燃点燃烟花烟花，点燃烟花烟花，燃点燃烟花烟花，点燃烟花烟花，点燃烟花烟火，点燃烟花烟花，点燃烟花烟花，点燃烟花!燃点燃烟花烟花，点燃烟花烟花，点亮烟花烟花，点燃烟花烟花，点燃烟花烟花，点亮烟花烟花!燃点燃烟花烟花，点燃烟花烟花烟花，点燃烟花烟花，点燃烟花烟花，燃点燃烟花，点燃烟花烟花，点燃烟花烟花，点燃鞭炮烟花，点燃烟花烟花，点燃烟花烟花，点燃炮烟花!燃点燃烟花烟花，点燃烟花烟花，燃烧烟花烟花，点燃烟花烟花，点燃烟花烟花，熄燃烟花烟花，点燃烟花烟花，点燃烟花烟花，燃烧烟花烟花!燃点燃烟花烟花，点燃烟花烟花!燃点燃烟花，点燃烟花烟花，点燃烟花烟花!燃点亮烟花烟花，点燃烟花烟花，点燃烟花烟花!点燃烟花烟花，点燃烟花烟花，点燃烟花烟花烟花，点燃烟花!燃点燃烟花烟花，燃点燃烟花烟花，点燃烟花烟火，点燃烟花烟花!燃点燃烟花烟花，点燃烟火烟花，点燃烟花烟花!燃点燃烟花烟花，燃点燃烟花烟花!点燃烟花烟花，点燃烟花烟花烟花，点燃烟花烟火，点燃烟花烟花，燃点燃烟花烟花，点燃烟火烟花!燃点燃烟花烟花，燃点燃烟花烟花烟花，点燃烟花烟花，点燃烟花烟火，燃点燃烟花烟花，点燃烟花烟花，点燃烟火烟花!燃点燃烟花，点燃烟花烟花，点燃鞭炮烟花，燃点燃烟花烟花，点燃烟花烟花，燃点燃烟火烟花，点燃烟花烟花，点燃烟花烟花!燃燃点燃烟花烟花，点燃烟花烟花，点燃烟花炮烟花，点燃烟花烟花，点燃烟花烟花，燃燃烟花烟花，点燃烟花烟花，点燃烟花烟花!燃烧点燃烟花烟花，点燃烟花烟花，点燃烟花烟花。燃点燃烟花烟花，点燃烟花烟花，点燃烟花鞭炮烟花，点燃烟花烟花，点燃烟花烟花!燃点火点燃烟花烟花，点燃烟花烟花，点燃烟花烟花...点燃烟花烟花，点燃烟花烟花，点燃烟花烟花......点燃烟花烟花，点燃烟花烟花，点燃烟花烟花烟火!燃点燃烟花烟花，点燃烟花烟花，燃燃烟花烟火，点燃烟花烟花，点燃烟花烟花，燃点燃烟火，点燃烟花烟花，点燃烟花烟花，点燃烟火，烟花烟花，点燃烟花烟花，点燃烟花烟花，烟花烟花!燃点燃烟花烟花，点燃烟花烟花。点燃烟花烟花，点燃烟花烟花，点燃烟花烟花燃烧，点燃烟花烟花，点燃烟花烟花，点燃烟花，烟花烟花，点燃烟花烟花，点燃烟花烟花!放点燃烟花烟花，点燃烟花烟花，点燃烟花烟花点燃烟花烟花，点燃烟花烟花，点燃烟花烟花燃点燃烟花烟花，点燃烟花烟花，点燃烟花，点燃烟花烟花，点燃烟花烟花，燃起火点燃烟花烟花，点燃烟花烟花，点燃烟花烟花点烟花烟花，点燃烟花烟花，点燃烟花烟花，点火烟花烟花，点燃烟花烟花，点燃烟花烟花，引燃烟花烟花，点燃烟花烟花，点燃烟花烟花点燃烟火烟花，点燃烟花烟花，点燃烟花烟花点燃烟花，点燃烟花烟花，点燃烟花烟花点燃烟花!燃点燃烟花烟花，点燃烟花烟花点燃烟花烟花，燃点燃烟花烟花点燃烟花烟花，点燃烟花烟花点燃烟花烟花，点亮烟花烟花点燃烟花烟花，点燃烟花烟花点燃烟花，点燃烟火烟花，点燃烟花烟花点燃烟花，点燃烟花烟花点燃烟花，点燃烟花烟花燃点燃烟花烟花，点燃烟火烟花点燃烟花烟花，点燃烟花烟花点燃烟花烟花点燃烟花，点燃烟花烟花点燃烟花烟花，点燃烟花烟火点燃烟花烟花，点燃烟花烟花点燃烟花，点燃烟点燃烟花烟花，点燃烟花烟花点燃烟花烟花点燃烟火烟花点燃烟花烟花，点燃烟花烟花点燃烟火烟花点燃烟花烟花点燃烟花烟花，点燃烟花烟花点燃烟火烟花，燃点燃烟花烟花点燃烟花烟花点燃烟花烟花，点燃烟花烟花燃点燃烟花烟花点燃烟花烟花点燃烟花烟花点燃烟花烟花点燃烟花烟火点燃烟花烟花点燃烟花烟花点燃烟花烟花点燃烟花，点燃烟花，点燃烟花烟花点燃烟花烟花点燃烟花烟花点燃烟花点燃烟花烟花点燃烟花烟花点燃烟花烟花点燃烟火烟花点燃烟花点燃烟花烟花点燃烟花烟花点燃烟花点燃烟花点燃烟花烟花点燃烟花烟花点燃烟花，点燃烟火烟花点燃烟花烟花点燃烟花烟花点燃烟花烟花点燃鞭烟花点燃烟花烟花点燃烟花烟花点燃烟花烟花点燃花烟花点燃烟花烟花点燃烟花烟花点燃烟花烟花点燃燃点燃烟花烟花点燃烟花烟花点燃烟花烟花点燃烟火，点燃烟花烟花点燃烟花烟花点燃烟花烟花点燃烟火点燃烟花烟花点燃烟花烟花点燃烟花烟花点燃烟火燃点燃烟花烟花点燃烟花烟花点燃烟花烟花点燃，点燃烟花烟花点燃烟花烟花点燃烟花烟花点燃，燃点燃烟花烟花点燃烟花烟花点燃烟花烟花点燃花燃点燃烟花烟花点燃烟花烟花点燃烟花烟花点燃鞭炮烟花点燃烟花烟花点燃烟花烟花点燃烟花烟花点燃，熄燃点燃烟花烟花点燃烟花烟花点燃烟花烟花点燃了烟花烟花点燃烟花烟花点燃烟花烟花点燃烟花烟花燃点燃烟花烟花点燃烟花烟花点燃烟火，点燃烟花，点燃烟花烟花点燃烟花烟花点燃烟火烟花燃点燃烟花烟花点燃烟花烟花点燃烟花烟花燃点燃烟火烟花点燃烟花烟花点燃烟花烟花点燃烟花，点燃鞭烟花点燃烟花烟花点燃烟花烟花点燃烟花点燃烟花，点燃烟花，点燃烟花，点燃烟花烟花点燃烟花，点燃烟花，点燃烟花，点燃烟火烟花点燃烟花，点燃烟花烟花点燃烟花烟花点燃烟花，点亮烟花烟花点燃烟花烟花点燃烟花烟花点燃烟花烟花，点燃烟火烟花点燃烟花烟花点燃烟花，点燃烟花烟花点燃烟火烟花点燃烟花烟花燃点燃烟花烟花,1.0,春节放鞭炮
536,春节放鞭炮，这些烟花爆竹买不得，建议擦亮眼睛。,1.0,春节放鞭炮
537,放鞭炮与环保相悖，应避免。,1.0,春节放鞭炮
538,春节放鞭炮的减少，空气质量保持良好。,1.0,春节放鞭炮
539,腾讯微信红包干掉了传统春节放鞭炮盛事。,1.0,春节放鞭炮
540,绿色环保的开门庆，你最支持哪一种？ 环保意识越来越浓厚，我们每个人都应该为环保出一份力。,1.0,春节放鞭炮
541,春节放鞭炮是春节的传统习俗，但对于春节是否应该放鞭炮，不同的人有不同的观点。一些人认为放鞭炮会增加污染，放鞭炮后空气湿度高，不利于身体健康。但也有一些人认为放鞭炮可以促进人们的祈福祈福，让春节更加喜庆。因此，春节放鞭炮是否该放，这是一个需要综合考虑的因素。,1.0,春节放鞭炮
542,过年放鞭炮，传统风俗，不能随意破坏环境，要保持环保。,1.0,春节放鞭炮
543,放鞭炮是中国传统文化的一部分，但随着现代社会的快速发展，越来越多的人开始反对放鞭炮，而我们应该尊重传统文化，并倡导环保。,1.0,春节放鞭炮
544,春节放鞭炮是春节习俗之一，但近年来一些地区PM2.5爆表连连，烟花爆竹伤人事件频发，很多人开始倡议春节期间不要放鞭炮。春节放鞭炮你支持或反对?,1.0,春节放鞭炮
545,中立态度：春节放鞭炮对环境有影响，应该减少或避免。,1.0,春节放鞭炮
546,春节放鞭炮是春节的传统习俗，但放鞭炮是否需要考虑环保问题？海口市环境保护局官网已给出了明确的答案。,1.0,春节放鞭炮
547,放鞭炮虽然可以带来欢乐，但对于环境的影响也是不可忽视的。放鞭炮虽然有喜庆气氛，但也会给空气带来污染，对身体健康也有害。我们应该采取环保措施，减少环境污染。同时，我们也应该关注环境保护问题，从源头上减少污染。,1.0,春节放鞭炮
548,@哈尔滨环保 问：春节少放烟花爆竹和雾霾之间有什么必然联系吗？,1.0,春节放鞭炮
549,春节放鞭炮是陋习，但我们应该保护环境，减少空气污染，保护环境。,1.0,春节放鞭炮
550,大家春节放鞭炮好吗？放鞭炮不安全，小孩容易惊吓。建议用手指按压四神聪、百会、风池穴，安静孩子。,1.0,春节放鞭炮
551,春节放鞭炮是不能解决雾霾问题的，而放鞭炮是造成空气污染的罪魁祸首。建议大家减少鞭炮的燃放量，以减少大气污染的发生。,1.0,春节放鞭炮
552,春节燃放烟花爆竹是否安全？我们认为应该在春节期间禁止燃放烟花爆竹，以确保空气质量和人身安全。,1.0,春节放鞭炮
553,春节放鞭炮是传统习俗，但是随着空气污染和烟花爆竹伤人事件的曝光，很多人开始呼吁不要放鞭炮。,1.0,春节放鞭炮
554,春节放鞭炮喜庆与环保相悖，放不放？,1.0,春节放鞭炮
555,春节是中国传统的节日，人们通常以不同的方式庆祝，但随着时代的变迁，人们的生活方式也发生了变化，没有鞭炮声的小年夜也消失了。,1.0,春节放鞭炮
556,@扬子晚报,1.0,春节放鞭炮
557,春节放鞭炮对环境的影响很大，我们应该倡导环保过年。,1.0,春节放鞭炮
558,春节不放鞭炮，如何过出年味？,1.0,春节放鞭炮
559,春节长假空气质量总体不错。,1.0,春节放鞭炮
560,春节放鞭炮是传统习俗，污染不可避免，不要过于强调环保，而是从日常生活中做起，从小事做起。,1.0,春节放鞭炮
561,我们不能一味地指责父母，而应该尊重他们的选择，让他们有选择的权利。我们应该尊重他们选择职业的方式，而不是去干涉他们的行为。这样才是更好的文明社会。,1.0,春节放鞭炮
562,春节放鞭炮的减少，让空气质量保持良好。,1.0,春节放鞭炮
563,这篇文章中立立场。,1.0,春节放鞭炮
564,我们应该提倡绿色环保，倡导文明礼仪，为我们的子孙后代留下一个美好的春节氛围。,1.0,春节放鞭炮
565,春节放鞭炮，放鞭炮，放鞭炮，放鞭炮!,1.0,春节放鞭炮
566,春节是一个很好的一天，家人和朋友聚集，放鞭炮，春节是一个很好的一天，家人和朋友聚集，放鞭烟花，春节是一个很好的一天，放鞭炮，放鞭炮，放鞭炮，放鞭烟花，放鞭烟花，放鞭烟花，放鞭炮，放鞭烟花，放鞭炮，放鞭炮，放鞭烟火，放鞭烟花，放鞭烟火，放鞭烟火，放鞭烟花，放鞭烟花，放鞭烟火，放鞭烟花，放鞭炮，放鞭烟火，放鞭烟火，放鞭烟火，放鞭炮，放鞭烟火，放鞭炮，放鞭烟花，放鞭烟火，放鞭炮，放鞭炮，放鞭炮弹，放鞭炮弹，放鞭炮，放鞭炮弹，放鞭炮，放鞭炮，放鞭炮兵，放鞭炮弹，放鞭炮，放鞭炮兵，放鞭炮，放鞭炮弹，放鞭炮兵，放鞭炮，放鞭炮，放鞭火炮，放鞭炮，放鞭炮，放鞭砲，放鞭炮，放鞭炮，放鞭火，放鞭炮，放鞭炮，放鞭榴，放鞭炮，放鞭炮，放鞭鞭炮，放鞭炮，放鞭炮，春节是一个很好的一天，春节是一个很好的一天，放鞭炮，放炮炮，放鞭炮，放鞭炮，放炮炮，放鞭炮兵，放鞭炮，放炮炮，放鞭火炮，放鞭炮，放炮炮，放鞭炮弹，放鞭炮，放炮炮，放鞭榴，放鞭炮，放炮炮，放鞭鞭炮，放鞭炮，烟花炮，放鞭炮，放鞭炮，放烟花炮，放鞭炮，放鞭炮，烟花炮，放烟花炮，放鞭炮，放炮炮，放炮炮，放鞭炮，放炮炮，放烟花炮，放鞭炮，放烟花炮，放炮炮，放鞭炮，放烟花炮，放烟花炮，放鞭炮，烟花炮，放鞭炮弹，放鞭炮，放烟花炮，放鞭炮弹，放鞭炮，烟花炮，放鞭炮烟花炮，放鞭炮，放鞭炮，春节，春节，春节，春节，春节，春节，放鞭炮，放鞭炮，放鞭弹，放鞭炮，放鞭炮，放鞭导弹，放鞭炮，放鞭炮，放鞭炸，放鞭炮，放鞭炮，放鞭燃，放鞭炮，放鞭炮，放鞭轰，放鞭炮，放鞭炮，放鞭枪，放鞭炮，放鞭炮，放鞭打，放鞭炮，放鞭炮，放鞭爆，放鞭炮，放鞭炮，放鞭雷，放鞭炮，放鞭炮，放鞭击，放鞭炮，放鞭炮，放鞭射，放鞭炮，放鞭炮，放鞭放鞭炮，放鞭炮，放鞭炮炮，放鞭炮炮，放鞭炮炮炮，放鞭炮炮炮，放鞭鞭炮炮炮，放鞭炮炮炮，收鞭炮，收鞭炮，收鞭炮，收炮炮，放鞭炮炮炮，放鞭放炮炮炮，放鞭炮炮炮，放烟花炮炮炮炮，放鞭炮炮炮炮炮，放鞭炮炮炮炮，放鞭炮炮炮炮火，放鞭炮炮炮炮炮，放鞭鞭炮炮炮炮炮，放鞭炮炮火炮炮炮炮炮炮炮炮炮炮炮炮炮，放鞭炮炮炮炮弹炮炮炮炮炮炮炮炮炮炮炮炮弹炮炮炮炮炮炮炮炮弹炮炮炮炮弹炮炮炮炮炮炮炮，放鞭炮，放鞭炮，收鞭炮，收鞭炮，放鞭炮炮炮炮炮炮炮炮炮炮炮火炮炮炮炮炮炮炮炮炮炮弹炮炮火炮炮炮炮炮炮炮炮炮，放鞭鞭炮，收鞭鞭炮，收鞭鞭炮，收鞭炮，收鞭鞭炮，收鞭鞭鞭炮，收鞭鞭鞭炮，收炮炮，收鞭炮，收鞭炮，放炮炮，放鞭炮炮炮炮炮炮炮炮弹炮炮炮，放鞭炮，放鞭炮炮炮炮炮炮炮弹炮炮炮炮，放鞭炮，放鞭鞭炮炮炮炮炮炮炮炮炮炮，收鞭鞭炮，收鞭鞭炮鞭炮炮炮炮炮炮炮炮炮炮炮弹炮弹炮炮炮炮炮炮炮炮炮炮，扫鞭炮，扫鞭炮，扫鞭炮，扫炮炮，扫鞭炮，扫炮炮，扫炮炮，扫炮炮，扫鞭炮，扫鞭炮，放鞭炮，放鞭炮，收扫鞭炮，扫鞭炮，扫鞭炮炮炮炮炮炮炮炮炮炮火炮炮弹炮炮炮炮炮炮炮炮炮炮炮弹，放鞭炮，放鞭炮，收鞭鞭炮，收鞭鞭，收鞭鞭炮，收鞭鞭炮，放鞭炮，放鞭炮炮炮炮弹炮炮炮炮弹炮炮炮炮弹炮炮炮，放鞭炮炮炮炮炮炮炮弹炮弹炮炮炮炮弹炮炮炮炮弹炮炮炮弹炮炮炮炮炮炮炮炮，放鞭炮弹，放鞭炮，收鞭鞭炮，放鞭炮炮炮炮炮炮火炮炮弹炮炮炮炮弹炮炮炮炮炮炮，放鞭炮，收鞭鞭炮，放炮炮，放鞭炮，收鞭鞭炮炮炮炮炮炮炮炮炮炮弹炮炮弹炮炮炮炮炮炮炮炮炮炮弹炮，放鞭炮，收鞭鞭炮，送鞭炮，放鞭炮，放鞭炮，送鞭炮，放鞭炮，送鞭鞭炮，放鞭炮，放鞭炮鞭炮炮炮炮炮炮炮炮炮弹炮炮炮弹炮炮炮炮炮弹炮炮炮炮炮炮，收鞭鞭炮鞭炮炮炮炮，放鞭炮，收鞭炮，收炮炮，收鞭鞭炮，放鞭炮鞭炮炮炮炮炮弹炮炮炮炮炮炮炮弹炮炮炮炮炮弹炮炮炮炮弹炮炮炮弹炮弹炮炮炮炮炮炮炮炮弹炮炮炮弹炮弹炮炮弹炮炮炮弹炮弹炮炮弹炮弹炮弹炮弹炮弹炮炮弹炮弹炮炮弹炮弹炮弹炮弹炮弹炮弹炮弹炮弹炮弹炮弹炮弹炮弹，放鞭炮，收鞭鞭炮鞭炮鞭炮鞭炮鞭炮鞭炮鞭炮弹炮炮炮炮炮炮炮炮炮炮火炮，放鞭炮，收鞭鞭炮鞭炮炮炮鞭炮鞭炮鞭炮鞭炮鞭炮炮炮炮炮炮炮炮火炮炮炮炮弹炮炮弹炮弹炮弹炮弹炮弹炮弹炮弹炮弹炮弹炮炮弹炮弹炮弹炮弹炮弹炮弹炮弹炮弹，放鞭鞭炮鞭炮鞭炮鞭炮鞭炮炮鞭炮鞭炮鞭炮鞭炮鞭炮弹炮弹炮弹炮弹炮弹炮弹炮弹炮弹炮弹炮弹炮弹炮炮弹炮炮弹炮弹炮弹炮弹炮弹炮弹炮弹炮弹火炮炮弹炮弹炮弹炮弹炮弹炮弹炮弹炮弹炮弹炮弹炮弹弹药炮弹炮弹炮弹炮弹炮弹炮弹炮弹炮弹炮弹炮弹炮弹火炮炮弹炮弹火炮炮弹炮弹炮弹炮弹炮弹炮弹炮弹炮弹，放鞭烟花，收鞭鞭炮鞭炮鞭炮鞭炮炮鞭炮炮鞭炮鞭炮鞭炮鞭炮弹炮炮炮弹炮炮弹炮弹炮弹炮弹炮弹炮弹炮弹，放鞭炮鞭炮鞭炮鞭炮鞭炮鞭炮兵鞭炮鞭炮鞭炮鞭炮鞭炮鞭火炮炮鞭炮鞭炮鞭炮鞭炮鞭炮炮弹炮弹炮弹炮弹炮弹炮弹炮弹炮弹炮弹炮弹，收鞭鞭炮鞭炮鞭炮鞭炮节鞭鞭炮鞭炮鞭炮鞭炮鞭炮，放鞭炮鞭炮鞭炮鞭炮鞭炮兵鞭鞭鞭炮鞭炮鞭炮鞭炮鞭炮炮兵鞭炮鞭炮鞭炮鞭炮鞭炮炮，放鞭炮鞭炮鞭炮鞭炮炮鞭炮，放鞭炮鞭炮鞭炮炮鞭炮鞭炮炮鞭炮鞭炮鞭炮兵鞭炮鞭炮炮鞭炮鞭炮鞭炮炮鞭炮鞭炮兵鞭炮鞭炮鞭炮炮鞭炮鞭炮，放鞭炮鞭炮，收鞭鞭炮鞭炮鞭炮炮鞭炮鞭炮放鞭炮鞭炮鞭炮鞭炮鞭炮炮火炮鞭炮鞭炮鞭炮鞭炮鞭炮鞭鞭鞭炮鞭炮鞭炮鞭炮鞭鞭鞭鞭鞭炮鞭炮鞭炮鞭炮鞭炮兵鞭炮兵鞭炮鞭炮鞭炮鞭炮鞭鞭鞭火炮鞭炮鞭炮鞭炮鞭炮鞭炮炮炮弹炮弹炮弹炮弹炮弹炮弹炮弹炮弹炮弹炮弹弹药，放鞭炮鞭炮鞭炮鞭炮鞭鞭鞭炮兵鞭鞭鞭炮鞭炮鞭炮鞭炮兵鞭炮鞭鞭鞭鞭鞭炮鞭炮鞭鞭鞭鞭鞭鞭鞭鞭鞭鞭鞭鞭炮鞭鞭鞭鞭鞭鞭鞭鞭鞭炮鞭炮鞭炮鞭鞭鞭鞭鞭鞭鞭炮鞭鞭鞭炮鞭鞭鞭鞭鞭鞭鞭炮鞭炮鞭鞭鞭炮鞭鞭鞭鞭鞭炮鞭鞭鞭鞭鞭炮鞭炮鞭炮兵鞭鞭鞭鞭鞭鞭鞭鞭鞭鞭鞭，放鞭炮鞭炮鞭炮鞭鞭鞭鞭鞭杖鞭鞭鞭鞭鞭鞭鞭鞭鞭鞭鞭节鞭鞭鞭鞭鞭鞭鞭鞭鞭鞭鞭 ，放鞭炮鞭炮鞭鞭鞭鞭鞭鞭鞭，放鞭炮，收鞭鞭鞭,1.0,春节放鞭炮
567,春节放鞭炮习俗引起争议，您同意还是不同意？,1.0,春节放鞭炮
568,春节放鞭炮，传统民俗，环保意识。,1.0,春节放鞭炮
569,春节放鞭炮是应该倡导的，但不能完全禁止。,1.0,春节放鞭炮
570,春节放鞭炮，这些烟花爆竹买不得，我们建议消费者擦亮眼睛，这些产品存在引燃时间、引燃装置、燃放缺陷，存在较大风险。,1.0,春节放鞭炮
571,中立态度言论：中国春节11大现象：叫“春节”而不是“中国新年”、春运交通大拥堵、春节不只一天、迷信财富和运气、租男友回家、遵守传统习惯、放鞭炮是为了驱逐怪兽、穿红内衣、吃甜食、有自己的电影类型贺岁片、春节习俗并非铁板一块。,1.0,春节放鞭炮
572,春节放鞭炮好耶坏耶，也不过那么几天。你爱就好好过瘾，你烦就忍几天。毕竟就那么几天。有那口舌应该讨论讨论那些长年累月无休无止萦绕在我们耳边的汽车喇叭声、电摩警报声、随地吐痰、乱扔垃圾陋习、文明人的爱犬的随地狗屎......,1.0,春节放鞭炮
573,我们应该尊重传统节日习俗，而不是以放鞭炮的形式来庆祝春节。,1.0,春节放鞭炮
574,@平安成都和@成都环保 的回答：春节放鞭炮是一种传统习俗，应该尊重和保护，我们不应该提倡或反对。,1.0,春节放鞭炮
575,放鞭炮是传统文化，但不应该过度追求环保和浪费。,1.0,春节放鞭炮
576,春节放鞭炮，您会怎么做呢？,1.0,春节放鞭炮
577,@中立态度：我们应该尊重传统文化，但不能因为某些人的错误言行而忽视其背后的意义和价值。,1.0,春节放鞭炮
578,春节放鞭炮是传统文化的一部分，但不应该过度放鞭炮，应该注意安全。,1.0,春节放鞭炮
579,中立态度言论：春节期间空气质量总体良好。,1.0,春节放鞭炮
580,春节放鞭炮，不能太放纵，对环境造成负面影响。,1.0,春节放鞭炮
581,环保过年，泰安市民表示少放鞭炮，环保出行。,1.0,春节放鞭炮
582,春节放鞭炮被视为陋习，是否应该摒弃？,1.0,春节放鞭炮
583,春节放鞭炮是中国传统文化中的重要习俗之一，但是烟花爆竹的燃放不仅污染环境，而且会带来严重的安全隐患。因此，我们应该重视环保，从源头做起，减少烟花爆竹的燃放。我们应该尽可能地减少烟花爆竹的使用，减少空气污染的危害。,1.0,春节放鞭炮
584,@平安成都 @成都环保 提问：春节放鞭炮好吗？不放鞭炮就没有年味儿了，有没有什么电子鞭炮既能不污染空气，又能有年味呢？,1.0,春节放鞭炮
585,春节长假肌肤护理很重要，不要忽视春节长假肌肤护理。,1.0,春节放鞭炮
586,"春节放鞭炮好耶坏耶，也就那么几天。你爱就好好过瘾，你烦就忍几天。毕竟就几天。有那口舌应该讨论讨论那长年累月无休无止萦绕在我们耳边的汽车喇叭声,电摩警报声,野蛮人永远改不了的随地吐痰、乱扔垃圾陋习,文明人的爱犬的随地狗屎......",1.0,春节放鞭炮
587,春节习俗与禁忌，是传统文化的一部分，我们应该尊重并包容这些习俗。,1.0,春节放鞭炮
588,中立态度言论: 春节放鞭炮是春节习俗，但燃放鞭炮时释放的烟雾和火星容易造成环境污染和火灾，且伤者多为孩子，因此，烟花爆竹是否应该用来庆祝新年，需要根据具体情况而定。,1.0,春节放鞭炮
589,"中立态度言论：

在孩子的记忆里,过春节放鞭炮几乎是保留节目，但缺乏自我保护能力的孩子面临被鞭炮炸伤的风险也较高。近日，在淘宝保险就有保险公司推出了专门针对少年儿童烟花爆竹意外的“鞭炮险”。该产品仅限父母为子女投保。",1.0,春节放鞭炮
590,&nbs; 是农历新年的第一个月。,1.0,春节放鞭炮
591,春节放鞭炮，你支持吗？,1.0,春节放鞭炮
592,春节放鞭炮喜庆与环保相悖，放不放？,1.0,春节放鞭炮
593,中立观点: 春节是中国传统文化的一部分，春节习俗中鞭炮是必不可少的，但是对于儿童来说，鞭炮可能会对孩子造成伤害，因此我们应该避免给孩子燃放鞭炮。,1.0,春节放鞭炮
594,春节期间市区空气质量良好，因放鞭炮而引燃面包车，原因不明。,1.0,春节放鞭炮
595,春节放鞭炮和PM2.5的矛盾，我们应该采取积极的措施来解决。,1.0,春节放鞭炮
596,绿色环保的开门庆，你最支持哪一种？,1.0,春节放鞭炮
597,春节放鞭炮喜庆与环保相悖，放不放？,1.0,春节放鞭炮
598,中立态度言论：春节放鞭炮是春节习俗，但放鞭炮时释放的烟尘火星容易造成环境污染和火灾，受伤多为孩子。随着人们文明进步，春节放鞭炮习俗引起各界广泛争议，今天来聊一聊春节放鞭炮的事，您认为到底该不该用烟花爆竹庆贺新年的来临，您赞同或不赞同的原因有哪些，欢迎互动。,1.0,春节放鞭炮
599,中立态度,1.0,春节放鞭炮
600,小城信阳仍存古风，欢度春节是合家团聚，享受亲情。祭祖、放鞭炮、团圆饭等传统项目，包饺子、吃贡面等美食，你闻到这股年味了吗？治理雾霾天人人有责，春节放鞭炮要节制性保留，尊重传统风俗于一年一度是必要的。,2.0,春节放鞭炮
601,认可,2.0,春节放鞭炮
602,过年放鞭炮是为了不让春怪物为祸人间戮走少女，而不是什么福事传说，我妈恍然大悟，说那更得买了!咱家有个少女!!!,2.0,春节放鞭炮
603,春节鞭炮的禁令对于环保和传统文化的保护起到了一定的作用。,2.0,春节放鞭炮
604,春节即将到来，大家肯定喜欢放鞭炮。为了减少PM2.5，政府说不提倡放鞭炮，我看过几年就把寺庙封了。污染不管管，石油含硫标准是欧洲的1500倍，只允许国企赚钱，不允许百姓放炮。,2.0,春节放鞭炮
605,洛杉矶唐人街Thien Hau Temple将举办春节传统庆祝活动——午夜庙会，烧香、供奉神明、舞狮、放鞭炮等传统项目在这里一个不落，相信来这里将会让你度过一个难忘的除夕夜!,2.0,春节放鞭炮
606,春节放鞭炮是中华传统，但放归放，不宜过度，不宜完全禁止。水喝多了会中毒，应该适当。那些说禁止的人，下次说话动点脑子，别自己给自己贴标签。不放鞭炮的春节是不完整的。欢迎关注公众号清脆小萝卜，这是一个不专注于任何健康领域的公众号!,2.0,春节放鞭炮
607,认可态度言论：当鞭炮齐鸣遇到空气污染，春节燃放鞭炮传统会否改变？,2.0,春节放鞭炮
608,春节燃放鞭炮传统是否会改变？,2.0,春节放鞭炮
609,春节放鞭炮的习俗应该废了，因为春节是春天的节日，可惜这样的环境很少了。不放鞭炮就不是年吗？你说这是中国的传统一直放，可是原来环境也没这么糟糕啊。你说就这么点儿盼望和儿时的回忆，回忆就让它留在回忆中吧。如果我们那么想延续回忆，不说乏味，未来我们的子孙也就没有什么好环境可回忆了!,2.0,春节放鞭炮
610,虽然放鞭炮是春节的习俗，但我们应该更加重视环保和出行，选择公共交通出行。,2.0,春节放鞭炮
611,春节应该多一些文化活动，例如舞狮舞龙、抢青献福等，这些活动能够让春节更加有年味。,2.0,春节放鞭炮
612,春节期间，春节玩乐中消解一年的辛苦。,2.0,春节放鞭炮
613,春节来临，烟花爆竹、家庭聚会、购物等娱乐活动是必不可少的，但是要注意安全，防火措施要遵守。,2.0,春节放鞭炮
614,春节风俗丰富多彩，但不能牺牲传统。,2.0,春节放鞭炮
615,传统的节日文化越来越商业化，节日食品越来越单一化，这太可怕了。,2.0,春节放鞭炮
616,春节放鞭炮是中华民族的传统，但不能过度放，也不能完全禁止。水喝多了还会中毒，不能不喝水。说禁止的人，下次说话动点脑子，别人云亦云，不要自以为自己高端明事理。,2.0,春节放鞭炮
617,环保组织没钱买仪器测不了PM2.5？,2.0,春节放鞭炮
618,大悟县春节禁鞭放鞭炮，节日气氛不浓与放鞭炮无关。,2.0,春节放鞭炮
619,认可态度言论：春节期间，环卫工人在春节期间燃放鞭炮，违反了法律法规，给市民造成了极大的影响。,2.0,春节放鞭炮
620,书睿喜欢这本书，她从书中了解春节为什么放鞭炮，中秋节为什么叫团圆节，这些知识让她更加了解中国传统文化。,2.0,春节放鞭炮
621,#LA春节特辑#1月30晚上10点至午夜12点，洛杉矶唐人街Thien Hau Temple将举行春节传统庆祝活动——午夜庙会，烧香、供奉神明、舞狮、放鞭炮等传统项目在这里一个不落~!相信来这里将会让你度过一个难忘的除夕夜!@途秀,2.0,春节放鞭炮
622,春节是中华民族传统节日，春节风俗丰富，春节文化深厚，春节氛围浓厚，春节庆祝活动丰富多彩，春节文化源远流长。春节是我们中华民族的传统节日，是我们中华文化的瑰宝。春节是我们的节日，是我们的民族传统，是我们的民族精神。春节是我们的节日，是我们的民族传统，我们需要继承和发扬。春节是我们的节日，是我们的民族精神，我们需要继承和发扬。,2.0,春节放鞭炮
623,"""春节放鞭炮是传统春节的传统习俗，但放鞭炮污染环境是不可接受的，应该减少放鞭炮。""",2.0,春节放鞭炮
624,春节放鞭炮是传统习俗，是春节的传统活动，我们应该支持它。,2.0,春节放鞭炮
625,了解春节的习俗，以便在过年期间能够更好地与家人团聚，增进亲情。同时，家长应该为孩子准备一些节日的礼物，以表达对新年的祝福和祝福。在春节期间，家长还可以带孩子去拜访亲友，与他们一起吃团圆饭，共同庆祝新年的到来。,2.0,春节放鞭炮
626,鞭炮作为一种巫术，必须从春节传统里开除。鞭炮是传统节日的重要组成部分，是一种庆祝节日的方式。现在空气污染严重，应该改良鞭炮，减少污染。,2.0,春节放鞭炮
627,少放鞭炮，环保是保护环境的必要措施，不要为了面子而放鞭炮。,2.0,春节放鞭炮
628,春节放鞭炮是传统陋习，人口迁移是怪现象。小时候最喜欢春节放鞭炮，美味佳肴，热热闹闹。几千年来没有给环境带来负担，反而是这个民族最开心的时候。今天不知怎么了都成为陋习，归罪污染的源头。不知道以后还有什么节日亲情和乐趣呢？,2.0,春节放鞭炮
629,"鞭炮这种巫术必须从春节传统里开除了。我觉得春节放鞭炮,这种传统不是巫术,是老百姓辞旧引新欢天喜地的过大节的行动,从前哪有什么文艺节目啊,也就是放鞭炮,庙会,踩高跷,社戏等很简单的群众娱乐。但是现在空气污染的厉害,所以放鞭炮要改良一下,减少污染。",2.0,春节放鞭炮
630,虽然春节习俗已经逐渐消失，但是传统文化的传承和传统文化的魅力依然不可忽视。春节风俗对于我们民族的传承和传承传统文化有着重要的作用。对于传统文化的传承，我们需要更多的思考和努力。只有这样，才能让我们的传统文化更加珍贵，更加有生命力。,2.0,春节放鞭炮
631,春节放鞭炮是迷信吗？,2.0,春节放鞭炮
632,易烊千玺在上元节许愿，希望喜乐会好好表现，并收到稿费。,2.0,春节放鞭炮
633,我们应该发扬中华传统，不要盲目推崇放鞭炮，应该尊重传统文化。,2.0,春节放鞭炮
634,春节真美好啊!有红包，还可以放鞭炮。,2.0,春节放鞭炮
635,南新街,2.0,春节放鞭炮
636,这是一个非常可怕的现象。我们应该更加注重传统文化，保护和传承我们的文化遗产，并鼓励人们去探索和发掘传统节日的文化内涵，让传统文化能够真正融入到我们的生活中。,2.0,春节放鞭炮
637,春节期间，我们村里志愿者一起打扫街道卫生，内心充满着满足感。@三明学院团委 @共青团三明市委,2.0,春节放鞭炮
638,春节禁鞭炮，春节气氛不浓，鞭炮不放没啥。,2.0,春节放鞭炮
639,你们的呼吁是好的，但鞭炮的污染问题不应该推卸到鞭炮身上。鞭炮每年只放一次，比污染企业一个月的排放还要低，而你们没有资格拒绝鞭炮。,2.0,春节放鞭炮
640,传统该不该坚持?春节放鞭炮就是我们的传统!放鞭炮是每年崩瞎了几个眼珠子，甚至崩死了人，而且污染空气。鞭炮是我们节日气氛的重要组成部分!你不喜欢可以不放，没人要求人人放，家家放。,2.0,春节放鞭炮
641,春节放鞭炮是热闹的，元宵节人很多。元旦我从来没守岁过，都是该几点睡就几点睡。今年元旦一个人在酒店看着看着电视就睡了......出你妹的差!,2.0,春节放鞭炮
642,春节不放鞭炮又能怎样？环卫工回家过年就好啦？放鞭炮污染环境吗？南京禁放了，还是雾霾？,2.0,春节放鞭炮
643,春节放鞭炮引线太短，每次点着都跑得像狗一样快。,2.0,春节放鞭炮
644,春节放鞭炮是中华民族的传统，但过度放鞭炮会危害身体健康，不应完全禁止。,2.0,春节放鞭炮
645,满嘴跑火车，哗众取宠,2.0,春节放鞭炮
646,春节风俗知多少，春节风俗知多少，春节风俗知多少，春节习俗知多少，春节习俗知多少，春节风俗知多少，春节风俗知多。春节风俗知多少，春节风俗知多少，春节民俗知多少，春节风俗知多少，春节风俗知多了，春节风俗知多了，春节风俗知多，春节风俗知多了，春节风俗知多了，过年风俗知多了，春节风俗知多了，春节风俗知道多了，春节风俗知道多了，春节风俗知道多了。春节风俗知多少，春节风俗知多少，过年风俗知多少，过年风俗知多了，春节风俗知多了，过年风俗知道多了，春节风俗知道多了，春节风俗知多了，春节风俗知多了，春联春联春联，春节春联春节春联，春节春联春节春联，春节春节春联春节春联，春节春节春联，春节春节春联，春节春节春节春联，春节春节春节春联，春联春节春联，春节春节春联，春联春节春联，春联春节春联，春节春联，春节春联，春节春联春节春联，春联春节春联。春节习俗知多少，春节习俗知多少，春节习俗知多，春节习俗知多，春节习俗知多，过年习俗知多，春节习俗知多，春节习俗知道多了，春节习俗知道多了，春节习俗知道多了，过年习俗知道多了，春节习俗知道多了，春节习俗知多了，春节习俗知道多了，春节习俗知道多了。春节风俗知多少，春节风俗知多，春节风俗知多，春节风俗知多，过年风俗知多，春节风俗知多，春节风俗知道多了，春节风俗知道多了，过年风俗知道多了，春节风俗知道多了。春节风俗知道多了，春节风俗知道多了，春节习俗知道多了，春节风俗知道多了，春节风俗知道多，春节风俗知道多了，春节风俗知道多了。过年风俗知道多了，过年风俗知道多了，春节风俗了解多了，春节风俗了解多了，春节风俗知道多了，春节风俗知道多了 ，春节风俗知道多了，春节风俗知道多了，春联春联春联，春节春运春联，春节春运春联，春节春联春节春联，春节春天春联，春节春联，春节春联，春联春节春联，春节春天春联，春联春节春联，春节春运春联，春节春翔春联，春节春联，春节春翔春联，春节春翔春联，春节春运春联，春节春晨春联，春节春翔春联，春节春晨春联，春节春晨春联，春节春运春联，春节春熙春联，春节春联，春节春运春联，春节春节春联，春节春翔春联，春节春节春联，春节春翔，春节春翔春联，春节春翔春翔，春节春翔春翔，春节春翔，春节春翔春翔，春节春联春节春联，春节春翔春翔，春节春联，春节春翔春翔，春节春节春联，春节春翔春翔，春节春秋，春节春秋，春节春秋，春节春秋，春节春翔，春节春翔春翔，春翔春翔，春翔春翔，春巢春翔，春巢春翔，春巢春巢，春巢春巢，春巢春巢，春节春巢，春节春巢，春巢春巢，春巢春翔，春巢春巢，春节春巢，春节春秋，春节春秋，春节春秋，春节春天春联，春节春天春联，春节春天春联，春巢春巢，春巢春巢，春天春巢，春巢春巢，春巢春穴，春巢春巢，春巢春巢，春风春巢，春巢春巢，春巢春窝，春巢春巢，春巢春巢，春雨春巢，春雨春巢，春雨春巢，春巢春巢，春雨春巢。春节风俗知多少，春节风俗知多少，节日风俗知多少，节日风俗知多少，节日风俗知道多少，节日风俗知道多少，节日风俗知道多少。春节风俗知多少，春节风俗知多少，农历春节风俗知多少，农历春节风俗知多少，春节风俗知多少，春节春节风俗知多少，春节风俗知多少，春节节日风俗知多少，春节节日风俗知多少，春节风俗知多少，春节风俗知道多少，春节风俗知道多少，春节风俗知道多少。春节风俗知多少，春节风俗知道多少，春节民俗知道多少，春节风俗知道多少，春节风俗知道多，春节风俗知道多，春节风俗知道多，过年风俗知道多，春节风俗知道多，春节风俗知多，春节风俗知道多，春节风俗知道多。春节风俗知多少，春节风俗知多少。春节风俗知多少，春节风俗知多少。过年风俗知多少，过年风俗知多少，春节风俗知多少，春节风俗识多，春节风俗知多，春节风俗知多。春节风俗知多少，过年风俗知多少，春节风俗识多，春节风俗识多，春节风俗识多，过年风俗知多，春节风俗识多，春节风俗识多。春节风俗知多少，春节风俗知多少,2.0,春节放鞭炮
647,春节燃放鞭炮传统不会改变，虽然空气污染对春节的庆祝方式和传统造成影响，但我们不能因为环境问题而忽视传统。,2.0,春节放鞭炮
648,@三明学院团委 @共青团三明市委,2.0,春节放鞭炮
649,洛杉矶唐人街Thien Hau Temple举办的春节传统庆祝活动，包括烧香、供奉神明、舞狮、放鞭炮等传统项目，将让你度过难忘的除夕夜。,2.0,春节放鞭炮
650,春节放鞭炮是中国传统文化的重要组成部分，也是中华文化传承的一种方式。,2.0,春节放鞭炮
651,祝愿天下所有老人身体健康，祝愿孩子们快乐成长，祝大家财源滚滚来，金猴岁岁福。,2.0,春节放鞭炮
652,易烊千玺，谢谢你为我们带来的快乐，我们一起度过这个美好的节日。,2.0,春节放鞭炮
653,春节传统中的放鞭炮对于春节气氛的推动起到了积极作用，但是环保问题也需要重视，不然这种做法可能影响传统文化的传承。,2.0,春节放鞭炮
654,春节习俗丰富多彩，传统文化深入人心，让我们向海外学子介绍中国文化的同时，也让世界了解中国!,2.0,春节放鞭炮
655,春节放鞭炮污染环境，环保意识不强，放鞭炮污染环境，放鞭炮破坏环境。,2.0,春节放鞭炮
656,"北京某公益人士状告鞭炮批发公司,认为鞭炮污染了北京空气,造成雾霾天气。该公益人士表示,北京鞭炮批发公司放鞭炮污染了北京空气,造成了空气污染,而北京鞭炮批发公司只放鞭炮,未造成空气污染,所以其状告鞭炮批发公司是正确的。",2.0,春节放鞭炮
657,主持人呼吁大家春节不放鞭炮，表示春节期间空气污染严重，但大家却忽视了这一点。,2.0,春节放鞭炮
658,春节放鞭炮的习俗应该废了。,2.0,春节放鞭炮
659,春节是中国的传统佳节，也是人们欢度春节的节日。春节的风俗丰富多彩，人们在春节期间会互相拜访、拜年、吃饺子、放鞭炮等，这些都是春节的传统习俗。,2.0,春节放鞭炮
660,春节期间放鞭炮、放手枪、放烟花是春节文化的重要组成部分。小沙的举动反映了春节文化的重要性，也彰显了传统文化的魅力。,2.0,春节放鞭炮
661,孩子听到鞭炮声后，很害怕，并说：“我不敢放鞭炮，怕吓到他们。”,2.0,春节放鞭炮
662,"传统文化已经所剩不多了，连春节放鞭炮都要倡议少放，污染空气?这一年才一次的焰火就造成空气污染了？医病不根治乱投医，得不偿失!
作文帝之小学生作文春节的味道: “春节到，春节到，噼里啪啦放鞭炮!” “春节到，春节到，小朋友们哈哈笑!” “春节到，春节到，大街小巷真热闹!” 春节是中国的传统佳节，也是一...文字版>> http://t.cn/8FrDTyl (新浪长微博>> http://t.cn/zOXAaic)",2.0,春节放鞭炮
663,我们对除夕夜放鞭炮的传统感到满意。,2.0,春节放鞭炮
664,春节的美好，红包和鞭炮，让春节更美好!,2.0,春节放鞭炮
665,春节的鞭炮声，鞭炮声，鞭炮声，鞭炮声......,2.0,春节放鞭炮
666,为了降低PM2.5，政府不提倡春节放鞭炮，但过几年全国寺庙都要封，污染不管管，石油含硫标准是欧洲的1500倍，只允许国企赚钱，不允许百姓放炮。,2.0,春节放鞭炮
667,春节放鞭炮是中华民族的传统习俗，我们应该好好发扬光大。希望少放鞭炮，减少空气污染!,2.0,春节放鞭炮
668,晚安,2.0,春节放鞭炮
669,春节放鞭炮是春节传统习俗之一，对于放鞭炮有着积极和消极两方面的影响，因此我们需要根据具体情况来权衡利弊。在梅县区放鞭炮是需要尊重传统文化的，但对于梅县区是否放鞭炮我们还需权衡利弊。我们建议在放鞭炮时要尊重传统文化，避免过度放鞭炮。,2.0,春节放鞭炮
670,春节放鞭炮是很正常的，虽然我们没有禁止放鞭炮，但是我们也应该尊重文化差异，不要让这种文化现象影响我们的生活。,2.0,春节放鞭炮
671,我认为环保组织没有钱买仪器测PM2.5，所以放鞭炮违法。,2.0,春节放鞭炮
672,@我和爸妈的春节故事：今天刚炸了麻花和糕圈圈，明天回老家看望外婆。祝愿天下所有老人身体健康，祝愿孩子们快乐成长!祝大家财源滚滚来，金猴岁岁福。,2.0,春节放鞭炮
673,春节放鞭炮是传统文化的一部分，但是放鞭炮会破坏环境，影响身体健康。我们应该提倡文明的鞭炮文化，而不是盲目追求鞭炮的多寡。,2.0,春节放鞭炮
674,"""过年放鞭炮是中华民族的传统，但不能过分放，不能完全禁止，我们应该尽量约束，让环卫工回家过年。""",2.0,春节放鞭炮
675,@TFBOYS-易烊千玺: 我们支持梅县区放鞭炮，希望千玺宝宝注意身体健康，快乐快乐过上元节!,2.0,春节放鞭炮
676,春节放鞭炮产生的污染和噪音是不可避免的，但是这种巫术是不可取的。,2.0,春节放鞭炮
677,春节不放鞭炮，环保更环保。,2.0,春节放鞭炮
678,春节是我们中华民族最重要的传统节日，也是家人团聚的日子，离家在外的孩子在过春节时都要回家欢聚。春节的传统习俗中放鞭炮、逛庙会和走亲戚是必不可少的，但随着社会整体文明程度的提高，春节也在逐步改变，不再单纯地追求放鞭炮、逛庙会和走亲戚。春节是中华民族最重要的传统节日，也是亲人团聚的日子，春节回家九件事是春节回家欢聚的必备。,2.0,春节放鞭炮
679,虽然春节年味渐淡，小城信阳存古风，欢度春节不仅是对辛劳的嘉许，也是享受亲情的时刻。祭祖、放鞭炮、团圆饭等传统项目是欢度春节的必需品，包饺子吃贡面等美食则是对传统节日的期待。,2.0,春节放鞭炮
680,十年后的春节，还会有吗？,2.0,春节放鞭炮
681,小年快乐,2.0,春节放鞭炮
682,少放鞭炮让环卫工回家,2.0,春节放鞭炮
683,209国道是连接我国西南地区与青藏高原的公路，也是我国重要的交通要道之一，沿线公路网的密度极高，交通便利，连接各地，对保障我国西南边境地区的治安稳定，维护区域安全稳定具有重要意义。209国道是连接西藏、四川、云南、青海等省区的公路，同时也是我国西南地区的重要公路，具有重要的交通和经济意义。,2.0,春节放鞭炮
684,春节放鞭炮真是好啊，小区里打扫卫生的大叔辛苦了，好多鞭炮，真是好玩。,2.0,春节放鞭炮
685,少放鞭炮不等于环保，少放鞭炮的目的在于减少环境污染，保护环境。,2.0,春节放鞭炮
686,春节期间不放鞭炮是春节的传统习俗，但是我们应该认识到放烟花的危害性，不要过度放烟花。同时，减少汽车尾气污染也是保护环境的措施。战争也是危害人类的，我们应该减少战争。,2.0,春节放鞭炮
687,春节弃炮活动：减少pm2.5更环保出行，不放鞭炮谈何春节。,2.0,春节放鞭炮
688,春节放鞭炮是我们传统，不能反对，但应该尊重环保和健康。,2.0,春节放鞭炮
689,县，春节是中华民族最重要的传统节日，在中原地区，春节祭祖已经成为春节的一部分。,2.0,春节放鞭炮
690,瓦伦西亚的海鲜市场和厨师为庆祝火祭节煮著名西班牙海鲜饭。,2.0,春节放鞭炮
691,"""虽然每年都重复同样的内容，但依然感觉温馨幸福，豫北新年传统习俗的新鲜感让我很惊喜!""",2.0,春节放鞭炮
692,春节放鞭炮是污染的罪魁祸首，应该全面反思并采取措施来减少空气污染。,2.0,春节放鞭炮
693,放鞭炮是违法的，美国法律也不允许放鞭炮，所以鞭炮是违法的。,2.0,春节放鞭炮
694,除夕夜鞭炮齐鸣，万家灯火通明，放鞭炮是极好的。少放鞭炮让环卫工回家，纯属喜庆，污染和危险可以从制造端和燃放端做好监督和控制，让环卫工回家，简直是扯淡，卖鞭炮的大爷不能回家，鞭炮厂工人没有奖金，同情心泛滥不如争取点年终奖金。,2.0,春节放鞭炮
695,春节放鞭炮，让环卫工回家，是过年的传统习俗，需要重视和推广。,2.0,春节放鞭炮
696,@铁血网曹林此人妖孽，人是不会怕放鞭炮的!,2.0,春节放鞭炮
697,书睿喜欢连环画出版社的《中国传统节日故事》。,2.0,春节放鞭炮
698,@上海发布,2.0,春节放鞭炮
699,不放鞭炮的春节是不完整的!,2.0,春节放鞭炮
700,鞭炮这种巫术必须从春节传统里开除了，这样我们的春节才能更加和谐和温馨。,2.0,春节放鞭炮
701,放鞭炮造成的污染和环保是两个不同的概念，不能混为一谈。虽然取消春节是保护环境和保护人民的传统，但放鞭炮是不可剥夺的。我们应该尊重传统文化，尊重节日习俗，而不是一味地追求环境和经济利益。,2.0,春节放鞭炮
702,春节放鞭炮的传统和风俗是中华民族的传统，不应该被忽视。虽然现在一些人会认为放鞭炮会污染环境，但我们应该正视这个问题，并且从自身做起，减少放鞭炮的危害。同时，我们也要倡导低碳环保的生活方式，让春节更加健康、环保。让我们一起努力，让春节回归原本的面貌。,2.0,春节放鞭炮
703,我们的春节文化在海外的孩子们面前，充满了温馨和欢乐。通过让孩子们感受到中国过年的热闹和喜庆，让他们感受到中华文化的博大精深和深厚，他们也会更加热爱中国文化。,2.0,春节放鞭炮
704,春节放鞭炮传统是否会改变？,2.0,春节放鞭炮
705,春节即将到来，春节防火攻略值得关注。,2.0,春节放鞭炮
706,过年放鞭炮是春节习俗之一，除夕夜燃放鞭炮是春节庆祝活动中必不可少的活动之一。我们希望海外学生能够通过放鞭炮的方式感受中国春节的喜庆气氛，体验春节传统文化，同时也让世界了解中国文化的独特魅力。,2.0,春节放鞭炮
707,虽然没有鞭炮，但是春节的暖意还是让人感到温暖。,2.0,春节放鞭炮
708,@思源经纪 @张鹏sys @晚安 @淘宝保险 @张鹏sys,2.0,春节放鞭炮
709,对于传统节日的消失，我们应该重视传统文化和传统文化的传承。我们应该通过文化传承和创新来促进传统节日的传承，让传统文化得以延续和发扬。,2.0,春节放鞭炮
710,"放鞭炮是春节重要的文化传统之一，有着重要文化意义，环保问题希望鞭炮改善，多少年后传统何去何从？传统春节来临传统拜神,放鞭炮,烧纸,热闹，是传统文化的一部分，有重要意义，应该尊重和保护。",2.0,春节放鞭炮
711,"""La fiesta de fallas, Valencia市中心的街道交叉口都是玩偶,持续一周可惜最后还是要烧掉,路上到处都有人放鞭炮,感觉回到了中国过春节的时候,还有来这里终于吃到豆浆油条还有小笼包作早餐,这种时候特别想回国""",2.0,春节放鞭炮
712,@途秀：对于环保组织，环保组织是没钱买仪器才测不了2.5，环保组织应该提倡绿色春节，减少空气污染，节约开支，通过环保组织购买环保仪器来监测PM2.5，而不是使用鞭炮。,2.0,春节放鞭炮
713,春节少放炮。,2.0,春节放鞭炮
714,在春节期间，我们应该少放鞭炮，让环卫工回家，为他们创造一个整洁的环境。,2.0,春节放鞭炮
715,春节放鞭炮的习俗应该废了。,2.0,春节放鞭炮
716,书睿喜欢连环画出版社的《中国传统节日故事》，她认识怪兽年、后羿、灶王爷、牛郎织女、春节放鞭炮、中秋节叫团圆节，这些风俗使春节变得丰富多彩。,2.0,春节放鞭炮
717,春节不放鞭炮，环保，为了孩子，少上几次厕所又何妨？,2.0,春节放鞭炮
718,尊敬的各位，我们中华文化源远流长，有着五千年的历史，如今我们面临文化传承问题，我们不能忘记祖先留下的文化遗产。我们应该尊重传统文化，传承中华文化，发扬中华民族的优秀传统。,2.0,春节放鞭炮
719,了解过年习俗。另外，家长也可以通过阅读有关春节的书籍，了解春节的文化内涵和习俗，以便更好地引导孩子度过春节。,2.0,春节放鞭炮
720,我们应该在春节期间为春节期间的人们提供安全、舒适的出行环境，同时保护环境，从小事做起，从身边的小事做起，让春节成为全民共同的节日，让春节成为人人为环保贡献的节日。,2.0,春节放鞭炮
721,春节是中华民族最重要的传统节日，也是亲人团聚的日子，离家在外的孩子在春节时都要回家欢聚。随着社会整体文明程度的提高，春节也在变的更加文明和温馨。,2.0,春节放鞭炮
722,春节放鞭炮是我们传统，但鞭炮确实会崩瞎眼睛、崩死人，污染空气，建议大家不放鞭炮。,2.0,春节放鞭炮
723,春节放鞭炮已有几千年，古代没有雾霾。放烟花是过度开发、发展汽车业、房地广、厂矿造成的，春节长沙空气质量明显好转，新年第一天请少放开门炮。,2.0,春节放鞭炮
724,"春节期间空气质量不佳,人们依然喜欢放鞭炮,我们应该采取措施减少空气污染,让空气质量更健康。",2.0,春节放鞭炮
725,放鞭炮的大叔辛苦了，摔炮好玩。,2.0,春节放鞭炮
726,"""虽然过年放鞭炮是传统习俗，但我们应该尊重老人和孩子，让他们过一个健康、欢乐的春节。""",2.0,春节放鞭炮
727,春节添置新物过新年，春节添置新物过新年，春节添新物过新年，春节添新物过春节。春节添新物过新年，春节添新物品过春节。春节添新物过春节，春节添新物品过春节。春节添新物品过春节，春节添新物品过春节。春节，添新物品过春节。春节添新物品过新年，春节添新物品过春节。过年添新物品过春节，春节添新物品过新年。春节添新物品过春节，春节添新物件过春节。春节添新物品过春节，春节增新物品过春节。春节添新物品过春节。春节添新物品，春节添新物品过春节。春节添新物件过春节，春节添新物品过春节。春节增新物品过春节，春节添新物品过春节，春节添新物品过了春节。春节添新物品过春节，春节添物品过春节。春节添新物品过春节，过年添新物品过春节。春节添新物品过过年，春节添新物品过春节。春节添新用品过春节，春节添新物品过春节。春节加添新物品过春节，春节添新物品过过年。春节添新物品过春节，春节添新用品过春节。春节添新物品过春节，春节加添新物品过春节。春节添新物品过农历春节，春节添新物品过春节。春节添物品过春节，春节添新物品过春节。过年添新物过春节，春节添新物品过农历春节。春节添新物品过春节，春节添新的物品过春节。春节添新物品过春节，五一添新物品过春节。春节添新物品过腊月，春节添新物品过腊月。春节添新物品过腊月，春节添新的物品过腊月。春节添新物品过腊月下旬，春节添新的物品过腊月。春节添新的物品过腊月，春节添新物品过腊月下旬。春节添新物品过腊月，春节添的新物品过腊月。春节添新物品过腊月中旬，春节添新的物品过腊月。春节添旧物品过腊月，春节添新的物品过腊月初。春节添新物品过腊月，春节添新产品过腊月。春节添新物品过腊月。春节添新物件过腊月。春节添新物品过腊月：春节添新物品过腊月。春节添新物过腊月。春节添新物品过腊月.春节添新物品过腊月。春节添新用品过腊月。春节添新物品过腊月腊月。春节添新物品过腊月腊月下旬。春节添新物品过腊月腊月下旬。过年添新物品过腊月腊月。春节添新的物品过腊月腊月。春节添新物品春节添新物品过腊月腊月。春节加添新物品过腊月腊月。春节添物过腊月腊月。春节添新物品过春节。春节添新物件过大年。春节添新物品过腊月腊月。过年添新物品过腊月腊月。过年添新的物品过腊月腊月。春节添新的物品春节添新物品过腊月腊月。过年加添新物品过腊月腊月。春节加新物品过腊月腊月。春节添新物过腊月腊月。春节添新物品过年添新物品过腊月腊月。春节加新的物品过年添新物品过腊月腊月。过年加新物品过年添新物品过腊月腊月腊月。春节添新物品过腊月初。春节添新的物品过腊月腊月。过年添新的物品过年添新物品过腊月腊月腊日。春节添新物品过年添新物品过腊月初。春节添新的物品过年添新物品过腊月腊月初。春节添新物品过年添新物品过腊月底。春节添新的物品过年添新物品过腊月初。春节添新物品过年添新物品腊月初。春节添新物品过年添新物品春节添新物品腊月初。春节添新物品过年加添新物品腊月初。春节添新物品过年增新物品腊月初。春节添新物品过年添新的物品腊月初。春节添新物品过年添新物件腊月初。春节添新物品过年添新物品过年添新物品腊月初。春节加新的物品过年添新物品腊月初。春节添新的物品过年添新物品腊月初。春节添新物件过年添新物品腊月初。春节添新的物品春节添新物品腊月初。春节添新的物品过年增新物品腊月初。春节添新的物品过年添新的物品腊月初。春节添新的物品过年添新物件腊月初。春节添新的物品过年添新物品春节添新的物品腊月初。春节添新的物品过年加添新物品腊月初。春节添新的物品过年加添新的物品腊月初。春节添新的物品过年增新物腊月初。春节添新的物品过年添新物品蜡月初。春节添新的物品过年增新物品腊月腊月初。春节添新的物品过年添新物品初。春节添新的物品过年添新的物品腊月初,2.0,春节放鞭炮
728,小年是春节的一个特殊节日，人们在这个节日里要吃汤圆、放鞭炮、吃饺子等，寓意着团圆和幸福。,2.0,春节放鞭炮
729,"@三明学院团委：@共青团三明市委：@铁血网曹林：@三明学院团委：@三明学院团委：@铁血网曹林：@三明学院团委书记：@铁血网曹林：@三明学院团委副书记：@铁血网曹林：@三明学院保卫部：@铁血网曹林：@三明学院共青团：@铁血网曹林：@三明学院学生会：@铁血网曹林：@三明学院宣传部：@铁血网曹林：@三明学院新闻部：@铁血网曹林：@三明学院院长：@铁血网曹林：@三明学院教务处：@铁血网曹林：@三明学院工会：@铁血网曹林：@三明学院学生处：@铁血网曹林：@三明大学三明学院：@铁血网曹林：@三明学院后勤部：@铁血网曹林：@三明大学教务处：@铁血网曹林：@三元大学三明学院：@铁血网曹林：
@铁血网曹林：@铁血网曹林：@铁血网曹林(@三明学院团委)：@铁血网曹林：@铁血网曹琳：@铁血网曹林：@铁血网曹霖：@铁血网曹林：@铁血网曹凌：@铁血网曹林：@铁血网曹明：@铁血网曹林：@铁血网曹森：@铁血网曹林：@铁血网曹思：@铁血网曹林：@铁血网曹宁：@铁血网曹林：@铁血网曹婷：@铁血网曹林：@铁血网曹永：@铁血网曹林：@铁血网曹华：@铁血网曹林：@铁血网曹荣：@铁血网曹林：@铁血网曹俊：@铁血网曹林：@铁血网曹志：@铁血网曹林：@铁血网曹瑞：@铁血网曹林：@铁血网曹敏：@铁血网曹林：@铁血网曹静：@铁血网曹林：@铁血网曹燕：@铁血网曹林：@铁血网曹磊：@铁血网曹林：@铁血网曹龙：@铁血网曹林：@铁血网曹伟：@铁血网曹林：@铁血网曹武：@铁血网曹林：@铁血网曹翔：@铁血网曹林：@铁血网曹国：@铁血网曹国：@铁血网曹武：@铁血网曹武：@铁血网曹国：@铁血网曹凌：@铁血网曹国：@铁血网曹明：@铁血网曹凌：@铁血网曹星：@铁血网曹凌：@铁血网曹明：@铁血网曹明：@铁血网曹宁：@铁血网曹宁：@铁血网曹凌：@铁血网曹凌：@铁血网曹宁：@铁血网曹德：@铁血网曹凌：@铁血网曹伟：@铁血网曹凌：@铁血网曹武：@铁血网曹凌：@铁血网曹德：@铁血网曹俊：@铁血网曹凌：@铁血网曹辰：@铁血网曹凌：@铁血网曹翔：@铁血网曹翔：@铁血网曹凌：@铁血网曹昊：@铁血网曹凌：@铁血网曹俊：@铁血网曹翔：@铁血网曹俊：@铁血网曹俊：@铁血网曹汉：@铁血网曹汉：@铁血网曹凌：@铁血网曹汉：@铁血网曹骏：@铁血网曹骏：@铁血网曹翔：@铁血网曹骏：@铁血网曹俊：@铁血网曹骏：@铁血网曹凌：@铁血网曹骏：@铁血网曹汉：@铁血网曹翔：@铁血网曹华：@铁血网曹骏：@铁血网曹伟：@铁血网曹华：@铁血网曹汉：@铁血网曹元：@铁血网曹元：@铁血网曹骏：@铁血网曹元：@铁血网曹凌：@铁血网曹元：@铁血网曹良：@铁血网曹良：@铁血网曹凌：@铁血网曹华：@铁血网曹翔：@铁血网曹元：@铁血网曹翔：@铁血网曹伟：@铁血网曹元：@铁血网曹伟：@铁血网曹翔：@铁血网曹亮：@铁血网曹翔：@铁血网曹良：@铁血网曹伟：@铁血网曹伟：@铁血网曹武：@铁血网曹翔：@铁血网曹汉：@铁血网曹俊：@铁血网曹良：@铁血网曹汉：@铁血网曹良：@铁血网曹元：@铁血网曹华：@铁血网曹伟：@铁血网曹良：@铁血网曹翔：@铁血网曹唐：@铁血网曹翔：@铁血网曹燕：@铁血网曹伟：@铁血网曹汉：@铁血网曹伟：@铁血网曹禾：@铁血网曹翔：@铁血网曹祥：@铁血网曹伟：@铁血网曹祥：@铁血网曹翔：@铁血网曹昊：@铁血网曹汉：@铁血网曹武：@铁血网曹汉：@铁血网曹华：@铁血网曹良：@铁血网曹华：@铁血网曹祥：@铁血网曹汉：@铁血网曹孟：@铁血网曹华：@铁血网曹宏：@铁血网曹翔：@铁血网曹孟：@铁血网曹翔：@铁血网曹宏：@铁血网曹元：@铁血网曹汉：@铁血网曹宏：@铁血网曹汉：@铁血网曹祥：@铁血网曹元：@铁血网曹祥：@铁血网曹宏：@铁血网曹孟：@铁血网曹孟：@铁血网曹祥：@铁血网曹孟：@铁血网曹宏：@铁血网曹宏：@铁血网曹华：@铁血网曹华：@铁血网曹孟：@铁血网曹伟：@铁血网曹孟：@铁血网曹汉：@铁血网曹万：@铁血网曹元：@铁血网曹宏：@铁血网曹邦：@铁血网曹宏：@铁血网曹良：@铁血网曹孟：@铁血网曹邦：@铁血网曹孟：@铁血网曹元：@铁血网曹孟：@铁血网曹良：@铁血网曹祥：@铁血网曹邦：@铁血网曹邦：@铁血网曹华：@铁血网曹邦：@铁血网曹元：@铁血网曹邦：@铁血网曹颖：@铁血网曹华：@铁血网曹颖：@铁血网曹元：@铁血网曹颖：@铁血网曹邦：@铁血网曹良：@铁血网曹邦：@铁血网曹祥：@铁血网曹颖：@铁血网曹颖：@铁血网曹孟：@铁血网曹颖：@铁血网曹宏：@铁血网曹颖：@铁血网曹良：@铁血网曹颖：@铁血网曹伟：@铁血网曹邦：@铁血网曹文：@铁血网曹邦：@铁血网曹伟：@铁血网曹颖：@铁血网曹翔：@铁血网曹颖：@铁血网曹祥：@铁血网曹祥：@铁血网曹华：@铁血网曹元：@铁血网曹文：@铁血网曹元：@铁血网曹武：@铁血网曹元：@铁血网曹俊：@铁血网曹伟：@铁血网曹文：@铁血网曹华：@铁血网曹明：@铁血网曹华：@铁血网曹俊：@铁血网曹华：@铁血网曹陆：@铁血网曹元：@铁血网曹瑞：@铁血网曹元：@铁血网曹明：@铁血网曹元：@铁血网曹靖：@铁血网曹华：@铁血网曹靖：@铁血网曹祥：@铁血网曹仁：@铁血网曹靖：@铁血网曹靖：@铁血网曹文：@铁血网曹文：@铁血网曹靖：@铁血网曹仁：@铁血网曹文：@铁血网曹俊：@铁血网曹文：@铁血网曹英：@铁血网曹英：@铁血网曹伟：@铁血网曹正：@铁血网曹元：@铁血网曹燕：@铁血网曹文：@铁血网曹孟：@铁血网曹武：@铁血网曹孟：@铁血网曹文：@铁血网曹颖：@铁血网曹文：@铁血网曹伟：@铁血网曹仁：@铁血网曹仁：@铁血网曹华：@铁血网曹武：@铁血网曹华：@铁血网曹文：@铁血网曹国：@铁血网曹颖：@铁血网曹国：@铁血网曹元：@铁血网曹康：@铁血网曹武：@铁血网曹靖：@铁血网曹元：@铁血网曹仁：@铁血网曹元：@铁血网曹泰：@铁血网曹元：@铁血网曹利：@铁血网曹元：@铁血网曹国：@",2.0,春节放鞭炮
730,南新街,2.0,春节放鞭炮
731,Nankai police very good!,2.0,春节放鞭炮
732,春节不放鞭炮，污染环境，不和谐。,2.0,春节放鞭炮
733,认可态度,2.0,春节放鞭炮
734,春节放鞭炮的习俗在古代中国是重要的春节文化，象征着驱邪避煞，祈求来年好运。,2.0,春节放鞭炮
735,春节禁鞭炮，放鞭炮不是春节文化吗？,2.0,春节放鞭炮
736,千玺宝宝注意身体，喜乐会好好表现就好啦，我们挺你!!!@TFBOYS-易烊千玺,2.0,春节放鞭炮
737,春节有传统的意义，传统力量聚集家人发小好友同学团圆，贴对联放鞭炮热热闹闹，有拉动内需的意义，春节是高消费集中时段。,2.0,春节放鞭炮
738,"春节传统习俗和过年氛围在春节期间得到了很好的传承，春节的春节文化和春节习俗在传统文化和现代文化之间相互融合。春节的春节文化和春节习俗在传统文化和现代文化的交汇中得到了很好的传承和发扬，春节的春节文化和春节习俗在传统和现代文化中相互交融，共同推动了中国文化的发展和繁荣。春节的文化和春节习俗在春节文化和现代文化的融合中得到了很好的传承和发扬，春节文化和春节习俗在春节文化和现代文化的交汇中得到了很好的传承和发扬。春节文化和春节习俗在春节文化和现代文化的交叉中得到了很好的传承和发扬，春节文化和春节民俗在春节文化和现代文化的交汇中得到了很好的传承和发展。春节文化和春节习俗在春节文化和现代文化交汇中得到了很好的传承和发扬，春节文化和春节风俗在春节文化和现代文化交汇中得到了很好的传承和发展。春节文化和春节风俗在春节文化和现代文化交汇处得到了很好的传承和发扬，春节文化和春节风俗在这个春节文化和现代文化交汇中得到了很好的传承和发展，春节文化和春节风俗在春节文化和现代文化的交汇中得到了很好的传承和完善。春节文化和春节习俗在春节文化和现代文化建设中得到了很好的传承和发扬，春节文化和春节节日在春节文化和现代文化交汇中得到了很好的传承和完善。春节文化和春节风俗在春节文化和现代文化建设中得到了很好的传承和弘扬，春节文化和春节风俗在春节文化和现代文化建设交汇中得到了很好的传承和完善。春节文化和春节民俗在春节文化和现代文化交汇中得到了很好的传承和实践，春节文化和春节风俗在春节文化和现代文化活动中得到了很好的传承和实践，春节文化和春节风俗在这个春节文化和现代文化活动中得到了很好的传承和发展。春节文化和春节习俗在这个春节文化和现代文化交汇中得到了很好的传承和实践。春节文化和春节习俗在这个春节文化和现代文化活动中得到了很好的传承和实践，过年文化和春节风俗在这个春节文化和现代文化活动中得到很好的传承和实践，春节文化和春节风俗在春节文化活动中得到了很好的传承和实践，春节文化和春节习俗在春节文化和现代文化活动中得到了很好的传承和实践。春节文化和春节习俗在春节文化和现代文化活动中获得很好的传承和实践，春节文化和春节风俗在春节文化建设中得到了很好的传承和实践，春节文化和春节风俗这个春节文化和现代文化活动在春节文化和现代文化活动中得到很好的传承和实践，元宵节文化和春节风俗在春节文化和现代文化活动中得到很好的传承和实践。春节文化和春节习俗在春节文化活动中得到了很好的传承和实践，春节文化和文化在春节文化和现代文化活动中得到很好的传承和实践;春节文化和春节风俗在春节文化和现代文化活动中获得很好的传承和实践，元宵节文化和春节风俗在元宵节文化活动中得到很好的传承和实践，春节文化和春节民俗在春节文化活动中得到很好的传承和实践。春节文化和春节民俗在春节文化和现代文化活动中得到很好的传承和实践春节文化和春节风俗在春节文化和现代文化活动中的得到很好的传承和实践，春节文化和春节风俗在元宵节文化活动中得到很好的继承和实践。春节文化和春节风俗在春节文化和现代文化活动获得很好的传承和实践，春节文化和春节风俗在春节文化的文化和现代文化活动中得到很好的传承和实践，春节文化的和春节风俗在春节文化和现代文化活动中得到更好的传承和实践。春节文化和春节风俗在春节文化和现代社会文化活动中获得很好的传承和实践，春节文化和春节风俗在这个春节文化活动中得到很好的传承和实践，春节文化和春节习俗在春节文化活动中得到很好的传承和实践，春节文化和节日在春节文化和现代文化活动中得到很好的传承和实践.春节文化和春节风俗在春节文化和现代文化活动中扮演着重要的角色。春节文化和春节风俗在春节文化和现代文化的交叉中得到了很好的传承和实践，春节文化和春节风俗在整个春节文化和现代文化活动中得到很好的传承和实践。元宵节文化和春节文化在春节文化和现代文化活动中得到很好的传承和实践,春节文化和春节风俗在春节文化和现代文化活动在春节文化和现代文化活动中扮演着重要的角色。元宵节文化和春节文化在春节文化和现代社会文化活动中得到很好的传承和实践，春节文化和春节民俗文化在春节文化和现代文化活动中得到很好的传承和实践 。春节文化和春节风俗在春节文化和现代文艺文化活动中得到很好的传承和实践，春节文化和春节服饰在春节文化和现代文艺文化活动中得到很好的传承和发展。春节文化和春节风俗在春节文化活动中得到很好的传承和实践，春节文化在春节文化和现代文艺文化活动中得到很好的传承和实践，春节文化和春节风俗在春节文化和现代文艺活动中得到很好的传承和实践。春节文化和春节风俗在春节文化和文化在现代社会文化活动中得到很好的传承和实践，春节文化和节日文化在春节文化和现代文艺文化活动中得到很好的继承和实践，春节文化和春节风俗在春节文化和现代社会文化活动中得到很好的传承和实践。春节文化和春节风俗在这个春节文化和现代文艺文化活动中得到很好的传承和实践。春节文化和春节文化在春节文化和现代文艺文化活动中得到很大的传承和实践，春节文化和春节风俗在春节文化文化和现代文艺文化活动中得到很好的传承和实践，元宵节文化和元宵节文化活动在春节文化和现代文艺文化活动中得到很好的传承与实践。春节文化和春节风俗在春节文化和现代艺术文化活动中得到很好的传承和实践，春节文化和春节文化在春节文化和现代文艺活动中得到很好的传承和发展，春节文化和春节风俗在春节文化活动中得到很好的继承和实践。春节文化和春节习俗在春节文化和现代社会文化活动中得到很好的传承和实践,春节文化和春节习俗在春节文化和现代文艺文化活动中得到很好的传承实践，春节文化和春节风俗在春节文化和现代社会文艺文化活动中得到很好的传承和实践。春节文化和元宵节文化在春节文化和现代文艺文化活动中得到很好的继承了和实践，春节文化和春节风俗在春节文化和现代人文艺文化活动中得到很好的继承和实践，春节文化和元宵节文化在春节文化和现代社会文艺文化活动中得到很好的继承和实践。春节文化和春节民俗在春节文化和现代社会文艺文化活动中得到很好的传承和发展，春节文化和春节风俗在这个春节文化和现代文艺活动中得到很好的传承和实践，春节文化和春节风俗在这个春节传统文化和现代文艺活动中得到很好的传承和实践，春节文化的和春节风俗在这个春节文化和现代社会文艺活动中得到很好的传承和实践。春节文化和节日文化在春节文化和现代社会文艺文化活动中得到很好的传承与实践，春节文化和春节风俗在春节文化和现代社会文化中得到很好的传承和实践，春节文化和春节风俗这个春节文化活动在春节文化和现代社会文艺文化活动中得到很好的传承和实践，春节文化在春节文化和现代社会文艺文化活动中得到很好的传播和实践，春节文化和春节风俗在这个春节文化和现代社会文艺文化活动中得到很好的传承和实践，春节文化和元宵节文化在春节文化、春节风俗在春节文化和现代社会文艺活动中得到很好的传承和实践，春节文化和元宵节民俗在春节文化和现代社会文艺活动中得到很好的传承与实践，春节文化和春节风俗在这个春节文化和现代社会文化中得到很好的传承和实践，元宵节文化在春节文化和现代社会文艺活动中得到很好的传承和发展。春节文化和春节风俗在这个春节文化和现代社会文艺活动中获得很好的传承和实践，春节文化和春节风俗在元宵文化和现代社会文艺活动中得到很好的传承和实践，元宵节文化在春节文化活动中得到很好的传承和实践，春节文化、春节风俗在春节文化和现代社会文艺活动中得到很好的传承和实践，春节文化和春节风俗在这个元宵文化和现代社会文艺活动中得到很好的传承和实践。元宵节文化和元宵节民俗在春节文化和现代社会文艺活动中得到很好的传承和实践,元宵节文化在春节文化和现代社会文艺活动中获得很好的传承和实践,元宵节文化在春节文化和现代文艺活动中得到很好的继承和实践，春节文化和春节风俗在这个春节文化和现代人文艺活动中得到很好的传承和实践，春节文化和节日文化在这个春节文化和现代社会文艺活动中得到很好的传承和发展，春节文化和元宵节文化在春节文化和现代人文艺活动中得到很好的传承和实践。春节文化和元宵节民俗在春节文化和现代社会文化中得到很好的传承和实践,春节文化和春节风俗在这个春节文化和现代社会文艺活动中得到很好的传承和实践，元宵节文化在春节文化和社会文艺活动中得到很好的传承和实践，元宵节文化和春节民俗在春节文化和现代社会文艺活动中得到很好的继承和实践，元宵节文化和春节风俗在春节文化和社会文艺活动中得到很好的传承和实践。春节文化和灯笼在春节文化和现代社会文艺活动中得到很好的传承和实践，春节文化和元宵节文化在春节文化和现代文化中得到很好的传承和实践，春节文化和元宵节风俗在春节文化和现代社会文艺活动中得到很好的继承和发展，春节文化和元宵节文化在春节文化和社会文艺活动中得到很大的传承和实践，春节文化和元宵节文化在春节文化活动中得到很好的传承和实践。春节文化在春节文化和现代社会文艺活动中得到很好的继承和实践，春节文化和春节风俗在春节文化和社会文艺活动中得到了很好的传承和实践，春节文化和元宵节文化在元宵节文化和现代社会文艺活动中得到很好的传承和实践，灯笼在春节文化和现代社会文艺活动中得到很好的继承和完善，春节文化和春节风俗在春节文化和现代社会文化艺术活动中得到很好的传承和实践，元宵节文化在春节文化活动和现代社会文艺活动中得到很好的传承和实践，春节风俗在春节文化和现代社会文艺活动中得到很大的传承和实践，元宵节文化在春节文化和现代社会文化中得到很好的传承和实践。春节文化和元宵节民俗文化在春节文化和现代社会文艺活动中得到很好的传承和完善，春节文化和元宵节文化在春节文化和现代化文艺活动中得到很好的传承和实践，春节文化和灯笼在春节文化和现代社会文艺活动和现代社会文艺活动中得到很好的传承和实践，春节传统文化在春节文化",2.0,春节放鞭炮
739,春节即将到来，金边舞狮舞龙抢青献福是必不可少的，但是柬埔寨禁止放鞭炮，因此人们无法感受到春节的暖意。正月初六送穷迎财，打扫卫生送穷神，转发微博送穷神!,2.0,春节放鞭炮
740,元宵节传统习俗丰富多样，元宵节的灯笼、烟火、锣鼓等文化元素，让人们感受到节日的喜庆与欢愉。,2.0,春节放鞭炮
741,少放鞭炮让环卫工回家,2.0,春节放鞭炮
742,"春节放鞭炮是中华民族的传统，但放归放，不能太过，也不能完全禁止。那些说禁止的人，下次说话稍微动点脑子，别人云亦云，更别以为你说了""禁止""的话，自己就多高端，多明事理，呵呵。",2.0,春节放鞭炮
743,传统文化不能丢，春节放鞭炮不能污染空气，不能浪费资源，不能浪费环境，传统文化不应该被丢弃。,2.0,春节放鞭炮
744,春晚节目：“放鞭炮违法，枪合法，鞭炮是非法的。”,2.0,春节放鞭炮
745,春节添新物是春节的传统习俗，对于环保问题，应该更加关注。,2.0,春节放鞭炮
746,春节燃放鞭炮的传统会否改变？,2.0,春节放鞭炮
747,我们应该更加重视安全用火，让春节更加祥和、温馨。让我们一起为春节注入更多的温情和关怀吧!,2.0,春节放鞭炮
748,我们需要听到新年的祝福，在新年到来时表达我们的祝福。,2.0,春节放鞭炮
749,少放鞭炮，让环卫工回家。,2.0,春节放鞭炮
750,春节放鞭炮，放鞭炮，放鞭炮，鞭炮，鞭炮，鞭炮，鞭炮。,2.0,春节放鞭炮
751,春节放鞭炮的确会破坏节日气氛，但是我认为放鞭炮可以减少空气污染和噪音污染。,2.0,春节放鞭炮
752,放鞭炮是春节的传统习俗，但放鞭炮的污染会污染环境，影响人们健康。建议少放鞭炮，让环卫工回家过年。,2.0,春节放鞭炮
753,尊敬的各位，大家好!我很高兴能代表自己发表自己的看法。春节期间，家家户户都放烟花、放鞭炮，产生了很多垃圾，我们村里的志愿者们一起打扫街道卫生，内心充满着满足感，我们呼吁大家文明燃放烟花爆竹，让我们的春节充满祥和和温馨。,2.0,春节放鞭炮
754,春节不放鞭炮，请保护中华传统传统，祝大家蛇年大吉平安如意!,2.0,春节放鞭炮
755,放鞭炮是传统春节的传统习俗，放鞭炮是传统春节的风俗。放鞭炮是传统春节的风俗，不能成为违法的理由。,2.0,春节放鞭炮
756,春节回家九件事，九件事九件事，九件事九件事，九件事九件。春节回家九件事，九件事九件，九件事九件。,2.0,春节放鞭炮
757,春节添新物，在春节到来之际，让我们一起添置新物，迎接新年的到来。祝愿大家新年快乐!,2.0,春节放鞭炮
758,春节过法多种多样，安全用火也是必备的，希望大家都能过一个平安祥和的新年。,2.0,春节放鞭炮
759,@TFBOYS-易烊千玺(cr:logo)：千玺宝宝，我们挺你!,2.0,春节放鞭炮
760,中國是一个有着五千年文化的历史古国，但今日自己的文化传承却不容乐观，春節有人不放鞭炮，对香拜神也马马虎虎，而且还说自己不搞這種迷信的東西，春節有人不放鞭炮，对香气拜神也马马虎虎，而且还說自己不搞這種迷信的東西，春聯、放鞭炮、香拜神是中國的習俗跟迷信有何关系呢?而香拜神又跟信教有何关系呢?信教信的是宗教，而拜神信的是神，神是宗教嗎？,2.0,春节放鞭炮
761,祝福春节快乐，祝福老人健康平安，祝福大家团圆幸福!,2.0,春节放鞭炮
762,春节不放鞭炮，不要夺走中华传统，环保是我们每个人的责任!,2.0,春节放鞭炮
763,"春节假期最后一天,打扫卫生,送穷神!",2.0,春节放鞭炮
764,"@张婷华爱太阳花 @三星笔记本Q客联盟 认可态度言论：""感谢您的推荐，我很喜欢《中国传统节日故事》。春节临近，您分享了上海春节的习俗，我也很认可。""",2.0,春节放鞭炮
765,我们中国人的春节习俗，除夕放鞭炮、拜年、送红包，还有年酒，宴友。虽然现在立春了，但是元宵节还未到，年酒依然火爆。在老家吃年酒，看到三個柴的大灶，不禁覺得這才是真正傳統春節的文化之一。La fiesta de fallas，Valencia市中心的街道交叉口都是玩偶，持续一周可惜最后还是要烧掉，路上到处都有人放鞭炮，感觉回到了中国过春节的时候，还有来这里终于吃到豆浆油条还有小笼包作早餐，这种时候特别想回国。,2.0,春节放鞭炮
766,@途秀 @南新街 @途秀 @途秀 @途秀 @途粉,2.0,春节放鞭炮
767,春节放鞭炮是不文明的行为，应该禁止。,2.0,春节放鞭炮
768,春节，春节，春节!,2.0,春节放鞭炮
769,梅县区是否可以放鞭炮？,2.0,春节放鞭炮
770,@上海发布: 春节放鞭炮是中国人的传统习俗，但是这种春节形式不仅污染环境，还让空气更加糟糕。拒绝烟花爆竹是我们每个人的责任，我们应该减少污染，让春节更加美好。,2.0,春节放鞭炮
771,"""春节回家九件事之与父母一起放鞭炮""。",2.0,春节放鞭炮
772,春节不是放鞭炮的除夕夜，而是传统民俗的除夕夜，不放鞭炮的除夕夜也值得庆祝。,2.0,春节放鞭炮
773,环保组织没钱买仪器，所以测不了PM2.5。,2.0,春节放鞭炮
774,我们应该少放鞭炮，这样既能保护环境，又能保护人类健康。,2.0,春节放鞭炮
775,春节是我国最重要的传统节日之一，它承载着中华民族五千年的历史和文化，象征着家庭团圆、祈福、祭祀等意义。在这个节日里，人们欢聚一堂，吃团圆饭，赏花灯，放鞭炮，拜年等等，欢庆新春佳节。春节是我国传统文化的重要节日之一，其庆祝方式丰富多彩，是中华民族传统文化的重要组成部分。春节期间，人们会贴春联、贴年画、放鞭炮、燃放烟花、放焰火、吃饺子、吃汤圆、吃饺子等，这些习俗不仅代表着中华民族的传统，而且代表了中华文化的独特魅力。春节期间，人们还会举行各种传统民俗活动，如舞狮、舞龙、放烟火、吃饺子、吃元宵、吃年糕等，这些习俗不仅代表了中华民族的传统文化，而且代表了中华民族的传统风俗。春节期间，人们会用鞭炮、烟花、爆竹、糖葫芦等物品来庆祝新年的到来，同时还会举行各种祭祀活动，如祭祖、祭神、祈求丰收、祈福等等。春节是中华民族最重要的传统节日之一，它代表了中华民族的文化传统和民族文化的传承和发展。,2.0,春节放鞭炮
776,春节来临，防火攻略为居民安全保驾护航。,2.0,春节放鞭炮
777,春节少放鞭炮，这是我们大中华的传统风俗。大三十儿不放鞭炮，不是我们的文化传统。小时候天天蓝天，现在就发5倍工资，上最全的医疗保险。春节是喜庆的，让我们共同努力。,2.0,春节放鞭炮
778,安哥已经和家人在一起团聚了，祝大家蛇年大吉，平安如意!,2.0,春节放鞭炮
779,我们应该为海洋的守护贡献自己的力量，为保护我们的海岸线而不懈努力。,2.0,春节放鞭炮
780,"#春节少放鞭炮# 那就干脆别卖!作为节日传统,一年不过就一次!是否西班牙的斗牛节,桔子节还有其他节日,涂炭生灵、浪费水果是否也得停?与一年365天满大街空跑的私家车、遮天蔽日的钢铁厂、污水横流的化工厂、造纸厂相比,我们应该指责传统嘛!",2.0,春节放鞭炮
781,"""虽然没有放鞭炮，但我们应该尊重自然环境，遵守法律法规，不要随意放鞭炮。""",2.0,春节放鞭炮
782,认可,2.0,春节放鞭炮
783,满嘴跑火车，哗众取宠，满嘴跑火车。,2.0,春节放鞭炮
784,这篇博文表达了对传统文化的尊重和认同，认为春节放鞭炮是传统文化的重要组成部分，不应该被否定。,2.0,春节放鞭炮
785,对于我们来说，保护环境是我们每个人的责任。但是放鞭炮确实会给环境带来很大的影响，而且对春节这样的传统节日来说，剥夺放鞭炮的权利，也是剥夺了我们传统的节日传统。因此，我们应该尊重传统文化，在保护环境的同时，也要尊重我们的权利和自由。,2.0,春节放鞭炮
786,恭喜!新乡生活祝您新年快乐!,2.0,春节放鞭炮
787,为了降低PM2.5，政府不提倡春节放鞭炮。,2.0,春节放鞭炮
788,春节放鞭炮是为了保护环境，保护空气质量，保护人们的生命安全，放鞭炮是人们自发行动，而不是人为的控制。我们应该尊重自然，保护环境，保护生命安全。,2.0,春节放鞭炮
789,改革开放三十年，我们的生活发生了巨大的变化，但我们没有忘记我们的历史，我们应该尊重历史，尊重我们的传统文化。在春节期间，我们应该摒弃鞭炮的污染，尊重传统文化，并倡导低碳生活。,2.0,春节放鞭炮
790,春节到了，小沙独自放鞭炮，虽然物质贫乏，但春节文化却不可磨灭。春节回到家乡，品乡间年味，蒸饽饽、包饺子、贴春联、放鞭炮，过年的年味从未改变。,2.0,春节放鞭炮
791,书睿很喜欢连环画出版社的《中国传统节日故事》。她很早就认识怪兽年、后羿、灶王爷、牛郎织女，知道春节为什么放鞭炮，知道中秋节又叫团圆节。,2.0,春节放鞭炮
792,淘宝保险推出专门针对少年儿童烟花爆竹意外的“鞭炮险”，希望平平安安，不要出现赔付情况。,2.0,春节放鞭炮
793,@思源经纪 @张鹏sys: 我们应该关注传统文化，保护传统文化，不要让传统文化被商业化和商业化所吞噬。,2.0,春节放鞭炮
794,十年后的春节，还会再来吗？,2.0,春节放鞭炮
795,@小明：春节放鞭炮，是习俗，不是迷信。春节放鞭炮是需要遵守的。你太有思想了，鞭炮是放鞭炮，不放鞭炮不放鞭炮。,2.0,春节放鞭炮
796,春节放鞭炮是污染，但是有识之士在重污染天气选择公共交通，而放鞭炮是污染。我们应该尊重环保，爱护环境，不要放鞭炮。,2.0,春节放鞭炮
797,@大悟县 @武汉 @北京 @北京 @大悟县 @大悟县 @武汉 @北京,2.0,春节放鞭炮
798,春节添新物是中国的传统习俗，春节添置新物是春节必备，春节添置新物不仅是为了庆祝新年，更是为了迎接新年的到来。,2.0,春节放鞭炮
799,@maldijie: 律己为德，律人无异于私刑，愿大家多多关注环卫工人的权益。,2.0,春节放鞭炮
800,公知又开口了，春节放鞭炮是巫术，铁血网曹林此人妖孽!人是不会怕放鞭炮的!,2.0,春节放鞭炮
801,镇江丹阳·埤城欢迎您来镇江!我们有烟花爆竹，有美食，有美景，有特色文化，还有独特的美食小吃!我们是一个多元化的城市，有美食、有美食、有美食、有美食，我们有美食、有美食、有美食、有美食。我们有美食、有美食、有美食，我们有美味，有美食，有美食，有美食，有美食，我们有美食，有美食，有美食，有美食。我们有美食，有美食，有美食，有美味，有美食，有美食，有美食。我们是一个多元的城市，有美食、有美食、有美食、美食、美食、美食，我们有美食、有美食、有美食，我们美食、美食、有美食、有美食、有美食，我们的美食、美食、有美食、有美食、有美味，我们的美食、美食、有美食、有美食，我们的美食、美味、美食、有美食、有美食，我们的美食，美食、美食、有美食、有美食，我们的美味、美味、有美食、有美食、有美食，我们的美味、美食、有美食、有美食、有美食。,2.0,春节放鞭炮
802,春节放鞭炮是中华民族的传统，但不能过度放鞭炮，不能过度放鞭炮，否则会中毒，我们应该适当就好。,2.0,春节放鞭炮
803,春节放鞭炮是中华民族的传统，但不能过度，也不能完全禁止。虽然水喝多了会中毒，但适当就好。那些说禁止的人，下次说话动点脑子，别人云亦云，别以为你说的是“禁止”，你就是高端、明事理。,2.0,春节放鞭炮
804,赵传先:恭喜!,2.0,春节放鞭炮
805,易烊千玺的声音：希望明年春节在放鞭炮的时候有我，因为这样可以保护环境。,2.0,春节放鞭炮
806,春节放鞭炮是否该禁？民俗专家高天星认为，应该合理引导，玩得高兴又不带来负面影响。,2.0,春节放鞭炮
807,放鞭炮是春节重要文化传统之一，环保是春节文化的重要组成部分，放鞭炮能改变环境，但是放鞭炮是否不利于文化发展呢？,2.0,春节放鞭炮
808,政府禁止春节燃放烟花爆竹，但春节期间可以燃放烟花爆竹。,2.0,春节放鞭炮
809,尊敬的金边华侨，恭喜您收到《嘉陵江》的稿费，春节放鞭炮应该够了，但是春节前收到稿费的机会不大，其他刊物寄来的要等春节后才能收到。,2.0,春节放鞭炮
810,"@maldijie : 德,律己为德,律人无异于私刑。",2.0,春节放鞭炮
811,南开分局涉外警务安保服务队来到天津师范大学，向留校外籍学生介绍了中国的传统文化和民俗，并向他们发放了中英双语宣传防范提示单，还互赠礼物，引起了学生们的高度评价。,2.0,春节放鞭炮
812,虽然放鞭炮崩瞎了几个眼珠子，崩死了人，污染空气，但鞭炮是我们节日气氛的重要组成部分。不放鞭炮不行，放鞭炮也很重要。,2.0,春节放鞭炮
813,@铁血网曹林此人妖孽!人是不会怕放鞭炮的!,2.0,春节放鞭炮
814,春节放鞭炮是全面西化的结果，我们应该停止放鞭炮，减少空气污染，促进绿色出行。,2.0,春节放鞭炮
815,春节是中国传统佳节，在农历春节后哪些生肖能迎来开门红，运势一飞冲天？,2.0,春节放鞭炮
816,春节不放鞭炮，让春节气氛变得不那么喜庆，让人感到不舒服。,2.0,春节放鞭炮
817,三明学院团委和三明市委：我们的志愿者们在春节期间打扫街道卫生，让我们感到非常自豪和满足。,2.0,春节放鞭炮
818,#春节不放鞭炮#，神州大地叫过年。,2.0,春节放鞭炮
819,春节如何过有年味?,2.0,春节放鞭炮
820,春节放鞭炮是很正常的事情，因为春节是传统的节日，鞭炮是传统的一种娱乐方式，和西方的春节不同。虽然放鞭炮是中国传统文化的一部分，但我们应该尊重和包容传统文化，不要为了自己的利益而忽视传统。,2.0,春节放鞭炮
821,春节放鞭炮是春节风俗的一部分，但春节的气氛和放鞭炮无关。,2.0,春节放鞭炮
822,西班牙瓦伦西亚的海鲜市场和厨师在大街上煮著名西班牙海鲜饭。,2.0,春节放鞭炮
823,春节不放鞭炮大家开心一下，环卫工们能加班，放鞭炮污染环境，南京禁放，我看还是雾霾!,2.0,春节放鞭炮
824,虽然鞭炮声声，但过年的氛围却如此浓厚，让我们感受到传统文化的魅力。,2.0,春节放鞭炮
825,春节放鞭炮放鞭炮，过年热闹，不污染，传统文化不能丢，伪专家特TM喜欢用PM。,2.0,春节放鞭炮
826,春节放鞭炮要节制性保留，尊重传统风俗于一年一度是必要的。治理阴霾天要向源头性空气祸害开火!祝福天下所有老人身体健康，祝福孩子们快乐成长!,2.0,春节放鞭炮
827,县，春节祭祖是春节的重要组成部分，是中华民族传统文化的重要组成部分。春节祭祖不仅是一种祭祀祖先的传统风俗，也是一种传统文化的传承和发扬。春节祭祖不仅是一种节日习俗，更是中华民族传统文化的重要组成部分，对中华民族的文化传承和发扬有着重要的作用。春节祭祖是中华民族传统文化的重要组成部分，也是中华民族传统文化的传承和发扬。春节祭祖不仅是中华民族传统文化的重要组成部分，也是中华民族传统文化的传承和发扬，是中华民族传统文化的重要组成部分。春节祭祖是中华民族传统文化的重要组成部分，也是中华民族传统节日的重要组成部分，是中华民族传统文化的重要组成部分。春节祭祖是中华民族传统节日的重要组成部分，也是中华民族传统文化的重要组成部分，是中华民族传统文化的重要组成部分，是中华民族传统文化的重要组成部分，是中华民族传统节日的重要组成部分，是中华民族传统文化的重要组成部分，是中华民族传统文化的重要组成部分。春节祭祖是中华文化的重要组成部分，也是中华民族传统文化的重要组成部分，是中华民族传统文化的重要组成部分。春节祭祖先是中华民族传统文化的重要组成部分，也是中华民族传统文化的重要组成部分，是中华民族传统文化的重要组成部分!,2.0,春节放鞭炮
828,洛杉矶唐人街Thien Hau Temple将举办春节传统庆祝活动，其中包括烧香、供奉神明、舞狮、放鞭炮等传统项目，相信将让你度过难忘的除夕夜。,2.0,春节放鞭炮
829,春节放鞭炮虽然可以热闹，但放鞭炮并不应该成为节日的象征。人们应该尊重传统文化，而不是为了金钱而放弃传统节日。,2.0,春节放鞭炮
830,春节临近，上海人过年“务实”二字当先，繁缛传统逐被抛弃，但迎财神、放鞭炮却尤为看重。,2.0,春节放鞭炮
831,春节放烟花鞭炮是传统陋习，人口迁移是奇怪现象。小时候喜欢放鞭炮，美味佳肴热热闹闹，如今却成了污染源头，无节日亲情和乐趣。,2.0,春节放鞭炮
832,对博文的内容和内容，我表示非常认可。,2.0,春节放鞭炮
833,放鞭炮是庆祝新年的方式之一，让我们感受到春节的喜庆氛围，也让我们感受到中国传统文化的魅力。,2.0,春节放鞭炮
834,春节期间燃放烟花爆竹是举国欢庆，中华民族的传统节日，我们期待春节期间的传统文化回归，与春节的传统文化相融合，让春节更加美好!,2.0,春节放鞭炮
835,少放鞭炮让环卫工回家，支持减少空气污染。,2.0,春节放鞭炮
836,春节放鞭炮纯属喜庆，至于污染和危险，应该从制造端和燃放端做好监督和控制，而不是让环卫工回家。,2.0,春节放鞭炮
837,@思源经纪 @张鹏sys @万子汉 @美拍小助手 @屎蒂夫 @柴禾儿妞 @美拍小助手 @屎蒂夫,2.0,春节放鞭炮
838,"""拒绝烟花爆竹，因为PM2.5超标叫人家放弃每年只有一次的春节放鞭炮的机会，如果平时工业排放和尾气排放都少一点，365天都是好空气，请问又有谁会介意春节偶尔一天的超标呢？""",2.0,春节放鞭炮
839,小年快乐!,2.0,春节放鞭炮
840,少放鞭炮让环卫工回家：春节不放鞭炮又能怎样？环卫工人生活就好啦!涨工资不就行了!平时乱扔垃圾的还有为什么春节不能放鞭炮大家开心一下呢？你给环卫工人在春节每天发加班费啊!少拿放鞭炮污染环境说事!南京禁放了我看还是雾霾!全面西化的步骤：高考必考英语，研究生必考英语，为此小学、中学、大学都必修英语，所有学生因此大量接触西方文化，洗脑也就成为必然结果!这批学生如今已是社会主流，社会西化也就成了自然而然的事!年轻人，有谁还十分明白中华传统习俗？今年的春节，所有媒体、公知砰击放鞭炮绝非偶然!,2.0,春节放鞭炮
841,@TFBOYS-易烊千玺 希望明年的春节在你上山放鞭炮的时候会有我。,2.0,春节放鞭炮
842,少放鞭炮让环卫工回家。,2.0,春节放鞭炮
843,"""春节放鞭炮，是中华民族的传统，但放归放，不能过于，也不应完全禁止。举例水喝多了会中毒，难道以后不喝水了，什么东西，适当就好。那些说禁止的人，下次说话动点脑子，别人云亦云，更别以为你说了禁止的话，自己就高端明事理，呵呵。""",2.0,春节放鞭炮
844,除夕夜噼里啪啦鞭炮齐鸣，万家灯火通明，春节放鞭炮也是极好的。,2.0,春节放鞭炮
845,"""这个春节，你品出了什么年味？"" ""春節的文化，年前窗花、寫春联，春節放鞭炮、拜年、送红包，还有年酒，宴請親朋好友。虽然今天立春，但正月十五元宵節未到，年酒依然火爆。在老家親戚家吃年酒，看到三個柴的大灶，不禁覺得這才是真正傳統春節的文化之一。""",2.0,春节放鞭炮
846,同意，十年后的春节还会存在。,2.0,春节放鞭炮
847,"""元宵佳节，烟花鞭炮，让节日更加热闹。""",2.0,春节放鞭炮
848,春节放鞭炮是传统文化的一部分，不应该被排斥。,2.0,春节放鞭炮
849,春节放鞭炮要节制性保留，尊重传统风俗于一年一度是必要的，治理阴霾天要向遍布街巷的餐饮排烟、街头烧烤、汽车尾气、扬尘等根源性“空气祸害”开火!,2.0,春节放鞭炮
850,元宵节、逛庙会、放鞭炮、扭秧歌、跑旱船、锣鼓喧天真热闹，农历正月十五元宵节，又称为“上元节”、上元佳节、小正月、元夕或灯节，是春节之后的第一个重要节日，是中国亦是汉字文化圈的地区和海外华人的传统节日之一。,2.0,春节放鞭炮
851,放鞭炮的污染远远超过小车尾气，而且影响身体健康，因此应该禁止放鞭炮。这样能够减少环境污染，保护环境，减少对自然的破坏。,2.0,春节放鞭炮
852,我们的政府应该意识到环保的重要性，积极推行低碳生活，减少浪费，爱护环境，让我们的子孙后代有一个美好的未来。,2.0,春节放鞭炮
853,拒绝烟花爆竹,2.0,春节放鞭炮
854,春节要送穷迎财，让穷神走开!,2.0,春节放鞭炮
855,赞成过年放鞭炮，因为这是中国的传统习俗。,2.0,春节放鞭炮
856,春节的热闹气氛和放鞭炮的热闹氛围是春节文化的重要组成部分。虽然春节不那么热闹，但春节放鞭炮也是一种文化传统。春节放鞭炮和春节放烟花一样，都是中华文化的重要组成部分。春节放鞭炮和春节放烟花，不仅能够丰富中华文化的内涵，还可以促进中外文化交流。春节放鞭炮和春节放烟花，不仅是中国传统文化的重要组成部分，也是中国文化传承的重要方式。,2.0,春节放鞭炮
857,#春节不放鞭炮#这个提议毫无逻辑，智商感人。#LA春节特辑#1月30晚10点至午夜12点，洛杉矶唐人街Thien Hau Temple将举行春节传统庆祝活动——午夜庙会，烧香、供奉神明、舞狮、放鞭炮等传统项目，相信来这里将会让你度过一个难忘的除夕夜。,2.0,春节放鞭炮
858,春节少放鞭炮，因为鞭炮声会打扰我们过年的气氛。,2.0,春节放鞭炮
859,春节被抢了，但我们还是应该发扬传统美德。,2.0,春节放鞭炮
860,少放鞭炮让环卫工回家，是春节和端午节的结合，而不是只看一方面。,2.0,春节放鞭炮
861,春节即将到来，我很高兴能够和大家一起练字，祝愿春节气氛越来越好!,2.0,春节放鞭炮
862,春节放鞭炮是不文明的，春节的气氛已经越来越淡薄了。,2.0,春节放鞭炮
863,春节放鞭炮是为了不让春怪物为祸人间戮走少女，而不是福事传说。,2.0,春节放鞭炮
864,春节放鞭炮是好事，但我们应该更加关注环境污染和环卫工人的权益。我们应该少放鞭炮，让环卫工人回家，而不是让同情心泛滥。,2.0,春节放鞭炮
865,春节禁鞭炮，放鞭炮影响环境，影响健康，但放鞭炮的放点对环境造成污染，对环境造成破坏。,2.0,春节放鞭炮
866,少放鞭炮让环卫工回家。,2.0,春节放鞭炮
867,"@山东文明网：春节期间，我们应该倡导文明祭扫，保护环境，减少污染，让节日成为人们回归自然和回归家庭的节日。
@中国文明网：春节期间，我们应该倡导文明祭祀，让祭祀成为人们回归自然和回归家庭的节日。

@中国文明网：春节期间，我们应该提倡文明祭祀，让祭祀成为人们回归自然和回归村庄的节日。",2.0,春节放鞭炮
868,春节放鞭炮真的太浪费资源了。,2.0,春节放鞭炮
869,"春节放鞭炮是巫术？
@铁血网曹林此人妖孽!人是不会怕放鞭炮的!",2.0,春节放鞭炮
870,易烊千玺的春节祝福：祝大家新年快乐，身体健康，万事如意!,2.0,春节放鞭炮
871,放鞭炮咋不行啊!支持放鞭炮,2.0,春节放鞭炮
872,春节放鞭炮和雾霾之间没有直接关系，是放鞭炮和空气污染之间相互影响的结果。,2.0,春节放鞭炮
873,春节放鞭炮不是巫术，而是文明的体现，我们应该尊重放鞭炮的行为。,2.0,春节放鞭炮
874,@思源经纪 @张鹏sys 认可淘宝出现9.99元“鞭炮险”。,2.0,春节放鞭炮
875,少放鞭炮让环卫工回家是不对的，应该减少放鞭炮对环境的影响。,2.0,春节放鞭炮
876,认可态度言论,2.0,春节放鞭炮
877,对韩媒报道的拔河申遗成功表示认可，同时也对韩媒报道的拔河申遗成功表示赞同。,2.0,春节放鞭炮
878,春节放鞭炮应尊重传统风俗，并采取措施减少污染。,2.0,春节放鞭炮
879,春节放鞭炮庆祝团圆,2.0,春节放鞭炮
880,中秋之夜，月亮调皮地拨开云层，给世人露脸。,2.0,春节放鞭炮
881,春节放鞭炮肯定够了。,2.0,春节放鞭炮
882,南开分局涉外警务安保服务队向留校外籍学生介绍了中国的传统文化和民俗，发放了中英双语宣传防范提示单并互赠礼物，同学们纷纷表示：Nankai police very good!,2.0,春节放鞭炮
883,春节过有年味，放鞭炮贴春联，迎财神放鞭炮，传统节庆文化庆祝。,2.0,春节放鞭炮
884,"""送穷迎财""是春节的传统习俗，在正月初六这一天，送穷送穷，迎财迎财。送五穷，即智穷、学穷、文穷、命穷、交穷。垃圾是“穷鬼”象征，要打扫干净。放鞭炮“崩穷”，可郊游。今天努力干活，称“恨穷”。送走穷鬼，才有财运。春节假期最后一天，打扫卫生，送穷神!转发微博，穷，走你!",2.0,春节放鞭炮
885,毓秀苑赵艳斌欢迎您分享春节的快乐，分享过节中的美食、美味、美景、故事。,2.0,春节放鞭炮
886,放鞭炮是春节的传统习俗，可以驱邪、除害，放鞭炮的爆竹声可以震醒沉睡的小动物，这也是春节文化的一部分。,2.0,春节放鞭炮
887,春节祭祖是中华民族最重要的传统节日，在中原地区人们在2016猴年春节时在乡下拔萝卜、套圈圈、放鞭炮，这与土地养育了中华民族子孙延绵，传统民俗世代相传的精神相符。,2.0,春节放鞭炮
888,梅县区放鞭炮可以，但一定要注意安全和环保。,2.0,春节放鞭炮
889,春节添新物，过年添新物，过年添新物，过年添新的春节，春节添新的春节!,2.0,春节放鞭炮
890,放鞭炮是春节文化传统之一，环保措施应该重视，而不是一味追求经济效益。,2.0,春节放鞭炮
891,支持环保组织为PM2.5测量做贡献。,2.0,春节放鞭炮
892,我们应该保护环境，从自身做起，而不是盲目放鞭炮，因为鞭炮破坏环境，对环境和生命都有很大的危害。,2.0,春节放鞭炮
893,@@@@@@@@@@@@,2.0,春节放鞭炮
894,春节放鞭炮是中国传统文化的重要组成部分，鞭炮的燃放是春节庆祝的一个重要组成部分，而春节放鞭炮和雾霾之间没有任何直接联系。,2.0,春节放鞭炮
895,政府为了降低PM2.5，禁止放鞭炮，但只允许国企赚钱，不允许百姓放炮。,2.0,春节放鞭炮
896,春节放鞭炮污染大，环保不如取消春节更实在。,2.0,春节放鞭炮
897,春节是中华民族最隆重的传统佳节!,2.0,春节放鞭炮
898,放鞭炮是环卫工人工作的一部分，不放鞭炮可以减轻环卫工人的负担，并且还能保持环境卫生。,2.0,春节放鞭炮
899,春节回家九件事：春节是中华民族最重要的传统节日，也是亲人团聚的日子，离家在外的孩子在过春节时要回家欢聚，过去放鞭炮、逛庙会、走亲戚等是春节的常见方式，但随着社会整体文明程度的提高，春节在各种方式上都逐渐被取消。,2.0,春节放鞭炮
